"STATION","DATE","DP01","DP10","DP1X","DSND","EMNT","EMXP","EMXT","PRCP","TAVG","TMAX","TMIN"
"USW00014735","1938-06","11","9","0","0","5.6","25.1","36.1","89.5","20.1","27.0","13.2"
"USW00014735","1938-07","17","10","1","0","9.4","41.1","33.3","130.0","22.7","28.3","17.1"
"USW00014735","1938-08","13","8","0","0","7.2","19.6","35.0","80.9","22.8","29.3","16.3"
"USW00014735","1938-09","14","13","3","0","1.1","82.6","28.3","222.7","14.7","20.7","8.8"
"USW00014735","1938-10","5","3","0","0","-2.8","12.7","27.8","30.1","11.5","17.5","5.5"
"USW00014735","1938-11","12","6","0","8","-23.9","18.3","23.9","60.1","4.5","9.7","-0.8"
"USW00014735","1938-12","13","6","0","8","-17.2","19.3","11.1","84.9","-2.0","1.7","-5.7"
"USW00014735","1939-01","18","3","1","6","-22.2","37.1","11.7","64.7","-5.6","-1.2","-9.9"
"USW00014735","1939-02","14","10","0","25","-19.4","18.5","14.4","78.0","-4.1","1.9","-10.1"
"USW00014735","1939-03","16","10","0","17","-23.3","20.3","15.6","77.8","-2.1","3.0","-7.1"
"USW00014735","1939-04","18","10","0","3","-5.6","21.3","26.7","88.7","5.6","10.8","0.4"
"USW00014735","1939-05","8","5","0","0","0.6","8.6","30.0","28.1","15.9","22.6","9.1"
"USW00014735","1939-06","11","8","1","0","5.0","26.2","32.8","77.3","19.6","26.1","13.0"
"USW00014735","1939-07","10","3","1","0","7.2","32.8","36.1","72.9","22.1","28.9","15.3"
"USW00014735","1939-08","8","4","0","0","11.1","22.9","33.9","49.9","23.2","29.9","16.5"
"USW00014735","1939-09","9","4","1","0","0.6","40.4","33.3","91.8","16.5","23.1","9.9"
"USW00014735","1939-10","13","9","1","0","-5.6","32.0","31.7","81.9","9.4","15.0","3.9"
"USW00014735","1939-11","4","1","1","1","-10.0","40.1","15.0","43.0","1.8","6.4","-2.8"
"USW00014735","1939-12","11","7","0","5","-17.8","13.5","8.9","39.0","-2.8","1.0","-6.6"
"USW00014735","1940-01","11","4","0","20","-22.8","9.9","4.4","28.7","-9.5","-5.2","-13.7"
"USW00014735","1940-02","12","4","0","19","-25.0","22.9","4.4","72.0","-5.7","-1.0","-10.4"
"USW00014735","1940-03","16","8","1","29","-20.0","39.6","14.4","115.1","-2.9","1.0","-6.8"
"USW00014735","1940-04","11","8","0","3","-6.1","20.6","24.4","92.4","5.4","10.5","0.3"
"USW00014735","1940-05","16","9","0","0","1.1","22.1","29.4","93.6","14.7","20.2","9.1"
"USW00014735","1940-06","17","9","0","0","2.8","18.8","32.8","72.2","18.3","24.0","12.6"
"USW00014735","1940-07","12","9","1","0","7.8","33.3","34.4","107.5","21.6","28.2","15.1"
"USW00014735","1940-08","6","4","0","0","1.7","25.1","32.8","45.2","19.8","26.4","13.3"
"USW00014735","1940-09","7","6","2","0","1.7","51.3","27.8","109.5","15.6","22.2","9.0"
"USW00014735","1940-10","6","3","0","0","-7.2","7.9","23.3","19.1","7.7","13.6","1.9"
"USW00014735","1940-11","15","9","1","4","-10.6","28.4","18.3","79.5","3.5","7.4","-0.5"
"USW00014735","1940-12","12","7","0","7","-22.8","20.6","8.9","67.2","-1.9","2.5","-6.3"
"USW00014735","1941-01","13","5","0","27","-21.7","23.6","4.4","50.5","-7.6","-3.3","-11.9"
"USW00014735","1941-02","8","2","1","15","-17.2","46.2","5.6","59.2","-4.8","-0.7","-8.9"
"USW00014735","1941-03","10","3","0","14","-17.2","20.1","9.4","47.1","-2.3","2.2","-6.7"
"USW00014735","1941-04","8","3","0","0","-3.3","7.4","33.9","18.3","11.2","18.6","3.8"
"USW00014735","1941-05","8","3","0","0","-1.1","13.7","33.3","30.4","15.2","22.7","7.6"
"USW00014735","1941-06","8","5","0","0","3.3","9.9","36.1","38.4","20.3","26.8","13.8"
"USW00014735","1941-07","11","6","1","0","9.4","29.5","36.1","113.2","23.0","29.4","16.6"
"USW00014735","1941-08","9","7","1","0","5.6","38.4","32.8","91.6","20.1","26.6","13.5"
"USW00014735","1941-09","5","3","1","0","-0.6","31.8","32.8","40.7","17.3","25.0","9.6"
"USW00014735","1941-10","13","5","0","0","-3.9","17.5","32.8","45.9","10.8","16.3","5.3"
"USW00014735","1941-11","9","5","0","0","-5.0","16.5","20.6","36.6","5.7","10.8","0.6"
"USW00014735","1941-12","11","4","0","10","-17.2","19.8","13.9","52.5","-1.2","2.7","-5.2"
"USW00014735","1942-01","9","5","0","20","-27.2","15.5","11.7","42.8","-5.6","-0.7","-10.6"
"USW00014735","1942-02","8","4","0","19","-20.6","9.7","5.6","24.3","-6.2","-2.4","-9.9"
"USW00014735","1942-03","16","9","0","5","-5.0","18.5","17.8","101.8","3.4","7.6","-0.9"
"USW00014735","1942-04","13","7","0","2","-3.3","13.0","28.3","47.1","9.7","15.5","3.9"
"USW00014735","1942-05","12","6","0","0","1.1","17.8","30.6","62.5","16.2","22.0","10.4"
"USW00014735","1942-06","12","7","0","0","8.9","15.0","32.2","64.2","19.9","25.6","14.2"
"USW00014735","1942-07","14","11","2","0","8.9","37.1","35.6","157.7","21.7","27.3","16.1"
"USW00014735","1942-08","6","2","0","0","4.4","7.4","32.2","16.9","20.4","26.3","14.6"
"USW00014735","1942-09","10","7","2","0","-1.1","45.5","32.2","115.0","16.4","22.8","9.9"
"USW00014735","1942-10","9","6","1","0","-2.2","30.2","23.3","72.4","10.7","16.9","4.6"
"USW00014735","1942-11","12","8","1","0","-9.4","31.2","17.8","84.9","3.5","8.1","-1.1"
"USW00014735","1942-12","13","9","1","19","-27.8","41.7","5.6","107.9","-5.2","-1.3","-9.0"
"USW00014735","1943-01","13","6","0","31","-23.9","15.2","5.6","62.2","-7.9","-3.6","-12.2"
"USW00014735","1943-02","12","4","0","22","-30.0","5.8","13.3","24.6","-4.4","0.3","-9.2"
"USW00014735","1943-03","10","7","0","8","-25.6","23.4","18.9","62.2","-0.3","4.6","-5.2"
"USW00014735","1943-04","16","9","0","0","-10.0","17.5","21.1","74.1","4.3","9.2","-0.6"
"USW00014735","1943-05","17","9","0","0","0.0","18.8","28.9","96.1","14.4","19.7","9.0"
"USW00014735","1943-06","11","7","0","0","10.6","17.0","36.1","72.1","22.2","27.9","16.6"
"USW00014735","1943-07","9","8","0","0","7.2","16.0","32.8","75.2","22.6","29.1","16.2"
"USW00014735","1943-08","14","8","1","0","5.6","28.4","35.0","114.3","20.6","26.5","14.6"
"USW00014735","1943-09","8","3","0","0","2.2","13.5","31.1","28.1","15.9","22.4","9.5"
"USW00014735","1943-10","13","7","1","0","-5.6","47.0","25.0","125.1","9.9","14.9","4.8"
"USW00014735","1943-11","10","6","1","13","-12.2","28.7","17.8","82.1","2.2","6.2","-1.8"
"USW00014735","1943-12","7","2","0","6","-22.2","7.6","7.2","13.3","-4.9","0.0","-9.8"
"USW00014735","1944-01","6","2","0","21","-25.6","22.9","8.9","28.6","-4.2","0.2","-8.6"
"USW00014735","1944-02","11","5","0","10","-18.3","8.6","8.3","31.8","-4.6","0.3","-9.6"
"USW00014735","1944-03","14","9","0","3","-17.8","11.2","16.7","62.5","-1.6","2.9","-6.2"
"USW00014735","1944-04","12","9","1","0","-6.1","30.2","22.2","83.2","5.5","10.6","0.5"
"USW00014735","1944-05","8","3","0","0","-1.1","16.8","32.8","34.5","17.8","24.7","10.9"
"USW00014735","1944-06","11","8","2","0","6.7","58.2","35.6","172.2","19.6","25.5","13.8"
"USW00014735","1944-07","13","5","0","0","10.6","11.4","35.6","46.4","23.3","30.0","16.5"
"USW00014735","1944-08","10","8","1","0","6.7","27.4","37.2","71.1","22.4","28.9","15.8"
"USW00014735","1944-09","12","7","1","0","0.6","34.8","31.7","94.1","17.2","22.6","11.8"
"USW00014735","1944-10","10","5","1","0","-4.4","26.9","27.8","68.4","9.2","15.1","3.4"
"USW00014735","1944-11","12","8","0","2","-5.6","21.6","18.9","64.3","3.7","7.4","0.0"
"USW00014735","1944-12","10","6","0","13","-19.4","11.9","6.7","50.7","-4.5","-0.4","-8.6"
"USW00014735","1945-01","10","6","1","25","-24.4","28.4","7.8","82.6","-10.0","-5.4","-14.7"
"USW00014735","1945-02","13","5","0","28","-17.8","10.9","6.1","37.5","-3.9","0.1","-8.0"
"USW00014735","1945-03","12","4","0","2","-9.4","15.2","29.4","37.1","6.6","12.6","0.5"
"USW00014735","1945-04","14","5","1","0","-2.2","44.5","29.4","77.6","10.6","16.4","4.8"
"USW00014735","1945-05","18","13","1","1","0.0","29.7","29.4","122.5","11.9","17.3","6.6"
"USW00014735","1945-06","19","12","1","0","1.7","35.6","33.3","120.2","18.7","24.7","12.7"
"USW00014735","1945-07","15","11","2","0","7.8","59.4","32.2","160.1","21.1","26.7","15.5"
"USW00014735","1945-08","6","2","0","0","7.8","18.3","32.8","31.6","20.6","26.6","14.6"
"USW00014735","1945-09","11","8","1","0","2.2","55.6","35.6","148.2","18.2","23.7","12.8"
"USW00014735","1945-10","12","7","0","0","-3.3","16.5","26.1","57.1","9.3","15.4","3.2"
"USW00014735","1945-11","16","13","0","1","-8.3","13.7","18.3","110.9","4.1","8.3","-0.1"
"USW00014735","1945-12","12","7","0","21","-20.6","13.2","6.7","59.2","-5.9","-1.1","-10.8"
"USW00014735","1946-01","9","3","0","11","-21.1","8.9","12.2","24.5","-4.4","0.9","-9.6"
"USW00014735","1946-02","11","5","0","10","-18.9","23.9","17.2","72.0","-5.6","-0.2","-11.0"
"USW00014735","1946-03","9","4","0","4","-15.0","10.2","29.4","27.3","6.5","13.7","-0.6"
"USW00014735","1946-04","11","8","0","0","-6.1","7.6","26.7","38.1","7.1","12.8","1.3"
"USW00014735","1946-05","17","11","1","0","-1.1","29.0","29.4","115.7","12.9","19.0","6.8"
"USW00014735","1946-06","13","7","1","0","2.8","26.4","34.4","106.7","18.2","24.8","11.6"
"USW00014735","1946-07","10","7","1","0","6.7","26.7","33.9","81.5","21.6","28.3","15.0"
"USW00014735","1946-08","10","8","0","0","4.4","23.1","31.1","55.0","18.9","25.5","12.3"
"USW00014735","1946-09","7","5","2","0","2.8","47.8","32.2","118.2","17.7","25.1","10.4"
"USW00014735","1946-10","6","4","0","0","-2.8","16.8","30.0","44.9","12.4","19.8","5.0"
"USW00014735","1946-11","6","2","0","0","-9.4","6.4","18.9","15.1","5.9","11.0","0.8"
"USW00014735","1946-12","10","6","0","12","-19.4","24.9","16.7","68.1","-2.0","3.3","-7.3"
"USW00014735","1947-01","13","9","0","26","-19.4","12.4","11.7","60.5","-3.4","1.6","-8.5"
"USW00014735","1947-02","9","3","0","21","-18.9","11.7","5.6","22.8","-5.9","-1.8","-10.0"
"USW00014735","1947-03","9","6","0","11","-11.1","17.3","12.2","43.9","0.0","4.6","-4.6"
"USW00014735","1947-04","15","8","0","3","-6.7","23.1","25.6","84.8","6.3","12.2","0.4"
"USW00014735","1947-05","17","11","0","0","-1.1","22.6","31.1","130.4","13.7","19.9","7.6"
"USW00014735","1947-06","11","7","2","0","2.2","33.8","34.4","105.5","18.2","25.2","11.3"
"USW00014735","1947-07","11","9","0","0","10.0","19.8","33.3","92.9","22.3","28.4","16.2"
"USW00014735","1947-08","6","3","0","0","7.8","7.4","37.2","18.7","23.3","29.8","16.9"
"USW00014735","1947-09","7","5","0","0","-4.4","11.4","34.4","40.6","17.4","24.6","10.3"
"USW00014735","1947-10","5","5","0","0","-6.7","20.3","31.1","58.4","13.9","22.2","5.6"
"USW00014735","1947-11","10","5","2","1","-10.0","38.1","16.1","100.3","2.0","6.8","-2.7"
"USW00014735","1947-12","12","7","0","16","-24.4","15.5","9.4","60.0","-5.3","-0.8","-9.7"
"USW00014735","1948-01","10","7","0","31","-32.2","15.0","3.3","61.0","-9.3","-4.0","-14.5"
"USW00014735","1948-02","10","3","0","29","-29.4","25.1","9.4","52.9","-7.7","-1.1","-14.3"
"USW00014735","1948-03","12","6","0","17","-29.4","16.0","21.1","48.5","-0.1","6.9","-7.0"
"USW00014735","1948-04","13","7","1","0","-6.1","30.5","24.4","73.0","8.3","14.6","1.9"
"USW00014735","1948-05","13","9","1","0","0.0","27.7","28.3","120.6","13.4","18.8","8.0"
"USW00014735","1948-06","13","9","1","0","6.1","30.5","31.7","112.3","18.4","24.8","12.1"
"USW00014735","1948-07","8","6","1","0","10.0","27.2","34.4","68.8","21.7","28.7","14.7"
"USW00014735","1948-08","7","6","0","0","7.8","19.6","36.7","49.9","21.6","28.2","15.1"
"USW00014735","1948-09","6","3","0","0","0.6","24.4","33.3","38.3","17.2","24.8","9.6"
"USW00014735","1948-10","8","4","0","0","-6.7","24.4","24.4","61.5","9.3","15.6","2.9"
"USW00014735","1948-11","15","8","1","0","-5.6","28.4","22.2","110.7","7.2","12.1","2.4"
"USW00014735","1948-12","12","5","2","7","-21.1","74.4","10.6","153.8","-1.6","2.8","-5.9"
"USW00014735","1949-01","14","8","0","13","-18.9","12.4","13.3","70.7","-1.7","2.6","-6.1"
"USW00014735","1949-02","8","5","0","16","-22.2","9.7","15.0","38.7","-1.5","3.5","-6.6"
"USW00014735","1949-03","9","3","0","7","-14.4","12.7","22.8","27.4","2.0","7.3","-3.4"
"USW00014735","1949-04","13","7","0","0","-3.3","14.0","26.7","59.7","9.2","15.6","2.8"
"USW00014735","1949-05","15","8","0","0","0.0","23.1","32.2","81.5","14.4","21.3","7.5"
"USW00014735","1949-06","4","3","1","0","3.3","27.7","34.4","42.9","22.3","29.2","15.3"
"USW00014735","1949-07","13","7","0","0","10.0","19.8","36.7","84.0","24.0","30.4","17.6"
"USW00014735","1949-08","7","5","1","0","6.7","41.9","35.6","74.2","22.0","28.9","15.2"
"USW00014735","1949-09","14","7","0","0","0.6","11.7","28.9","53.5","14.8","21.0","8.5"
"USW00014735","1949-10","11","6","0","0","-3.9","13.0","30.0","49.6","12.7","19.4","5.9"
"USW00014735","1949-11","9","5","0","2","-11.7","7.4","18.3","30.5","2.8","7.3","-1.7"
"USW00014735","1949-12","10","4","0","10","-19.4","11.7","15.0","42.1","-1.3","3.7","-6.2"
"USW00014735","1950-01","18","10","0","6","-19.4","21.1","17.8","92.2","-0.6","3.9","-5.1"
"USW00014735","1950-02","14","9","1","24","-26.7","33.8","6.1","105.3","-6.4","-1.3","-11.5"
"USW00014735","1950-03","11","5","0","21","-28.9","17.5","20.0","53.5","-2.7","3.1","-8.4"
"USW00014735","1950-04","11","5","0","1","-7.2","18.0","26.1","39.5","6.1","12.5","-0.2"
"USW00014735","1950-05","14","7","0","0","-0.6","19.1","29.4","73.4","14.2","20.1","8.2"
"USW00014735","1950-06","10","7","0","0","3.3","15.5","33.3","57.7","18.9","25.8","12.1"
"USW00014735","1950-07","14","9","0","0","6.7","17.3","32.8","83.0","21.1","27.7","14.4"
"USW00014735","1950-08","14","8","1","0","6.7","103.6","31.1","186.1","20.3","26.6","13.9"
"USW00014735","1950-09","12","5","1","0","-0.6","38.9","28.9","78.8","14.5","20.1","9.0"
"USW00014735","1950-10","7","3","1","0","-6.1","26.4","28.3","40.3","11.4","17.8","5.1"
"USW00014735","1950-11","12","6","1","3","-8.9","27.4","27.8","67.6","5.1","10.2","0.1"
"USW00014735","1950-12","13","8","1","19","-20.0","46.2","15.0","105.5","-3.6","0.5","-7.8"
"USW00014735","1951-01","15","7","0","15","-22.2","17.3","11.7","60.0","-3.4","1.1","-8.0"
"USW00014735","1951-02","12","4","1","6","-21.7","26.7","9.4","84.4","-2.8","1.6","-7.2"
"USW00014735","1951-03","21","12","1","5","-8.3","31.5","17.8","109.4","1.8","6.0","-2.4"
"USW00014735","1951-04","14","7","0","0","-1.1","20.6","21.1","60.5","8.7","14.2","3.1"
"USW00014735","1951-05","8","3","1","0","-0.6","37.1","31.7","71.0","14.8","21.8","7.9"
"USW00014735","1951-06","13","8","1","0","3.3","27.9","31.1","106.5","18.9","24.8","12.9"
"USW00014735","1951-07","13","9","1","0","9.4","25.4","32.2","109.0","21.9","28.0","15.9"
"USW00014735","1951-08","12","6","1","0","8.3","45.2","31.7","111.6","20.1","26.3","13.9"
"USW00014735","1951-09","11","8","2","0","-1.7","66.5","30.0","138.2","15.6","21.8","9.5"
"USW00014735","1951-10","7","4","3","0","-3.3","47.5","28.9","113.9","10.8","16.8","4.9"
"USW00014735","1951-11","10","9","0","9","-14.4","23.1","17.2","93.4","1.0","5.5","-3.5"
"USW00014735","1951-12","13","10","0","18","-28.3","16.5","16.1","90.9","-2.8","2.3","-7.8"
"USW00014735","1952-01","14","7","0","13","-19.4","18.5","7.2","54.0","-3.2","0.9","-7.3"
"USW00014735","1952-02","11","6","0","15","-15.6","19.8","8.9","55.8","-2.8","1.8","-7.4"
"USW00014735","1952-03","9","3","0","15","-17.8","18.5","17.2","48.3","0.3","4.6","-4.1"
"USW00014735","1952-04","13","6","2","0","-3.3","31.5","26.1","99.9","10.1","15.8","4.4"
"USW00014735","1952-05","12","8","2","0","-1.7","29.5","26.7","106.9","12.4","18.5","6.3"
"USW00014735","1952-06","10","4","1","0","7.2","88.1","37.2","120.5","20.1","26.1","14.0"
"USW00014735","1952-07","8","5","1","0","8.9","28.7","36.1","54.9","23.7","30.6","16.9"
"USW00014735","1952-08","5","4","0","0","7.2","19.3","35.0","50.9","21.1","27.4","14.8"
"USW00014735","1952-09","7","5","1","0","2.2","62.7","32.2","88.1","16.7","23.3","10.1"
"USW00014735","1952-10","3","2","0","1","-6.7","21.1","22.8","33.6","8.1","14.3","1.9"
"USW00014735","1952-11","8","5","1","0","-7.8","37.8","20.0","64.2","4.3","9.2","-0.5"
"USW00014735","1952-12","11","5","1","5","-17.2","80.3","16.1","114.5","-1.0","3.1","-5.1"
"USW00014735","1953-01","14","8","1","21","-12.2","29.0","11.1","86.1","-1.5","2.5","-5.6"
"USW00014735","1953-02","12","5","0","14","-18.9","18.3","16.1","55.3","-1.7","3.2","-6.7"
"USW00014735","1953-03","16","11","0","1","-15.6","19.8","20.0","145.9","2.6","7.3","-2.1"
"USW00014735","1953-04","15","10","0","0","-2.8","22.6","24.4","119.6","8.1","13.3","3.0"
"USW00014735","1953-05","18","14","3","0","-0.6","39.1","31.7","227.7","15.6","21.3","9.8"
"USW00014735","1953-06","7","3","1","0","3.3","36.6","36.1","48.9","20.3","27.8","12.8"
"USW00014735","1953-07","13","5","0","0","7.8","23.4","37.8","43.0","22.2","29.0","15.5"
"USW00014735","1953-08","7","4","1","0","6.7","49.3","36.7","73.3","20.8","28.0","13.6"
"USW00014735","1953-09","7","4","1","0","-1.1","39.1","37.8","70.6","16.8","23.5","10.0"
"USW00014735","1953-10","10","7","1","0","-4.4","30.7","27.2","89.8","11.3","18.3","4.3"
"USW00014735","1953-11","4","3","1","1","-7.2","25.4","20.0","39.1","5.6","11.2","0.0"
"USW00014735","1953-12","11","5","1","1","-15.0","32.0","12.8","70.2","0.8","5.5","-3.9"
"USW00014735","1954-01","14","8","0","24","-27.8","19.1","8.9","68.9","-7.5","-2.2","-12.9"
"USW00014735","1954-02","12","5","1","15","-22.8","27.7","12.8","66.7","-0.4","4.4","-5.1"
"USW00014735","1954-03","12","7","1","1","-7.2","27.2","16.1","68.2","1.3","6.1","-3.5"
"USW00014735","1954-04","14","6","0","0","-10.0","18.8","29.4","77.6","9.1","15.8","2.5"
"USW00014735","1954-05","11","10","1","0","0.0","44.7","27.2","137.2","12.9","18.8","7.1"
"USW00014735","1954-06","14","8","0","0","6.7","18.3","35.0","73.4","19.8","25.8","13.8"
"USW00014735","1954-07","13","6","0","0","7.2","7.1","35.0","40.1","21.3","27.8","14.8"
"USW00014735","1954-08","12","8","1","0","6.7","73.9","32.2","132.1","19.4","25.7","13.2"
"USW00014735","1954-09","10","4","0","0","2.8","21.8","30.0","52.9","15.8","21.4","10.2"
"USW00014735","1954-10","12","9","0","0","-3.9","8.9","29.4","44.4","12.6","18.2","7.1"
"USW00014735","1954-11","12","6","1","1","-8.3","41.4","17.2","101.8","4.3","8.7","-0.2"
"USW00014735","1954-12","9","5","1","1","-13.9","33.3","11.1","85.3","-2.3","1.6","-6.3"
"USW00014735","1955-01","7","2","0","2","-17.2","8.9","5.0","18.7","-6.0","-2.2","-9.9"
"USW00014735","1955-02","13","8","0","16","-27.8","21.6","11.7","78.4","-4.2","0.5","-8.9"
"USW00014735","1955-03","15","8","1","11","-12.2","27.4","16.7","87.4","0.6","4.9","-3.7"
"USW00014735","1955-04","14","7","0","1","-2.8","15.7","25.0","63.2","9.8","15.4","4.3"
"USW00014735","1955-05","8","5","0","0","1.7","9.7","30.6","38.4","16.2","23.5","8.9"
"USW00014735","1955-06","13","8","0","0","8.3","7.6","33.3","52.1","19.4","25.7","13.2"
"USW00014735","1955-07","7","4","0","0","10.6","7.9","36.7","21.7","24.7","32.1","17.3"
"USW00014735","1955-08","15","7","2","0","5.6","47.0","37.2","134.0","23.1","29.3","16.9"
"USW00014735","1955-09","7","6","1","0","0.0","36.6","29.4","85.4","15.6","22.4","8.7"
"USW00014735","1955-10","13","10","4","0","-4.4","45.7","26.1","224.3","11.3","16.8","5.8"
"USW00014735","1955-11","13","9","1","2","-10.0","25.4","15.0","80.0","3.0","7.1","-1.1"
"USW00014735","1955-12","9","3","0","5","-27.2","9.7","6.1","22.5","-6.4","-2.3","-10.5"
"USW00014735","1956-01","12","6","0","11","-21.7","15.5","7.2","57.2","-4.7","-1.4","-8.0"
"USW00014735","1956-02","13","10","0","29","-21.7","18.5","10.6","83.8","-3.3","1.2","-7.8"
"USW00014735","1956-03","13","10","1","20","-19.4","35.8","9.4","120.9","-2.3","2.1","-6.7"
"USW00014735","1956-04","14","9","0","6","-8.3","14.5","24.4","66.6","5.9","11.2","0.5"
"USW00014735","1956-05","18","6","1","0","-2.8","36.6","28.9","78.6","11.9","19.1","4.8"
"USW00014735","1956-06","10","6","0","0","3.9","15.0","35.0","47.2","19.6","25.9","13.3"
"USW00014735","1956-07","11","6","1","0","9.4","28.7","32.2","70.0","20.5","26.1","15.0"
"USW00014735","1956-08","10","6","1","0","7.8","43.2","33.3","70.1","20.6","27.3","13.9"
"USW00014735","1956-09","11","8","1","0","0.0","47.5","31.1","119.7","14.2","20.2","8.3"
"USW00014735","1956-10","7","5","0","0","-5.0","8.4","27.2","30.2","9.9","17.0","2.8"
"USW00014735","1956-11","9","6","0","4","-12.2","20.6","24.4","58.5","4.4","9.2","-0.5"
"USW00014735","1956-12","16","10","1","17","-18.3","27.7","13.3","91.4","-0.9","3.2","-5.0"
"USW00014735","1957-01","13","3","0","25","-31.1","9.9","12.8","29.6","-8.9","-2.6","-15.1"
"USW00014735","1957-02","6","3","0","5","-14.4","15.2","16.7","26.0","-1.8","3.1","-6.7"
"USW00014735","1957-03","7","4","0","5","-11.7","19.6","18.3","39.2","1.9","6.9","-2.9"
"USW00014735","1957-04","10","6","0","2","-4.4","14.2","31.7","57.2","9.4","15.2","3.6"
"USW00014735","1957-05","14","9","2","0","0.0","32.8","30.0","125.5","13.9","20.7","7.1"
"USW00014735","1957-06","10","6","0","0","4.4","15.2","36.1","60.0","21.7","28.3","15.0"
"USW00014735","1957-07","8","5","0","0","8.9","18.5","35.0","55.2","21.7","28.5","14.9"
"USW00014735","1957-08","8","3","0","0","6.1","23.9","33.9","42.2","19.6","26.4","12.8"
"USW00014735","1957-09","9","5","0","0","-1.1","18.8","31.1","41.1","16.8","23.8","9.8"
"USW00014735","1957-10","11","3","1","0","-2.2","42.9","23.3","65.4","10.1","15.8","4.4"
"USW00014735","1957-11","11","5","0","0","-13.3","14.0","18.9","57.0","5.4","10.1","0.6"
"USW00014735","1957-12","15","5","2","7","-15.0","39.1","16.1","104.6","0.6","4.7","-3.4"
"USW00014735","1958-01","17","10","0","24","-21.7","18.8","7.8","104.7","-5.5","-1.5","-9.6"
"USW00014735","1958-02","10","4","1","28","-27.8","32.0","7.2","68.8","-7.3","-3.0","-11.6"
"USW00014735","1958-03","8","3","1","21","-7.2","34.3","14.4","62.2","2.2","5.8","-1.4"
"USW00014735","1958-04","11","8","0","0","-3.9","23.1","27.2","78.6","9.5","15.2","3.8"
"USW00014735","1958-05","15","9","0","0","-2.2","11.4","28.9","53.8","12.4","18.6","6.3"
"USW00014735","1958-06","9","5","0","0","2.8","15.2","30.6","52.1","16.7","22.8","10.6"
"USW00014735","1958-07","14","7","1","0","8.9","33.3","34.4","113.7","22.1","27.4","16.6"
"USW00014735","1958-08","8","3","0","0","8.9","16.0","32.8","30.8","21.2","27.9","14.5"
"USW00014735","1958-09","12","9","0","0","2.8","13.0","31.1","70.5","16.4","21.9","10.9"
"USW00014735","1958-10","10","8","1","0","-6.1","31.5","27.8","93.6","9.4","14.9","3.8"
"USW00014735","1958-11","16","6","1","2","-13.3","31.8","15.6","78.2","4.4","8.6","0.2"
"USW00014735","1958-12","8","3","0","19","-21.1","6.1","3.9","16.3","-7.1","-2.4","-11.9"
"USW00014735","1959-01","12","7","1","12","-20.0","28.2","14.4","69.8","-6.3","-1.2","-11.3"
"USW00014735","1959-02","13","6","0","19","-22.2","8.1","7.8","40.5","-6.6","-0.4","-12.8"
"USW00014735","1959-03","12","6","1","17","-15.0","29.7","18.3","81.4","0.1","5.3","-5.2"
"USW00014735","1959-04","12","9","0","0","-4.4","16.5","25.0","62.6","8.9","15.2","2.6"
"USW00014735","1959-05","10","4","0","0","-1.1","24.9","32.2","53.2","15.9","23.0","8.9"
"USW00014735","1959-06","12","7","0","0","7.2","11.4","34.4","44.5","19.8","25.2","14.4"
"USW00014735","1959-07","7","4","0","0","10.6","13.0","35.6","42.5","23.4","30.0","16.9"
"USW00014735","1959-08","13","6","0","0","8.3","16.3","35.6","53.3","23.1","29.1","17.0"
"USW00014735","1959-09","9","6","0","0","0.0","11.4","34.4","47.7","18.7","25.2","12.2"
"USW00014735","1959-10","15","9","0","0","-6.7","23.9","26.7","142.4","10.8","15.7","5.9"
"USW00014735","1959-11","15","9","1","0","-8.9","42.4","20.6","112.9","3.5","8.5","-1.4"
"USW00014735","1959-12","12","6","0","10","-17.8","22.1","9.4","72.8","-1.1","2.2","-4.5"
"USW00014735","1960-01","13","6","0","25","-20.0","17.3","6.1","64.0","-5.2","-0.9","-9.5"
"USW00014735","1960-02","8","7","0","25","-15.6","22.6","12.2","72.5","-2.2","1.9","-6.3"
"USW00014735","1960-03","10","6","0","27","-18.3","13.5","18.3","42.9","-3.1","1.5","-7.6"
"USW00014735","1960-04","16","7","1","0","-3.9","25.4","27.8","106.5","9.8","15.5","4.0"
"USW00014735","1960-05","15","9","0","0","-0.6","17.5","28.9","84.7","15.8","22.0","9.5"
"USW00014735","1960-06","9","6","0","0","6.1","19.1","31.7","68.6","19.5","25.9","13.1"
"USW00014735","1960-07","12","8","2","0","9.4","68.6","32.8","149.7","20.8","27.0","14.6"
"USW00014735","1960-08","9","6","1","0","6.7","35.3","33.3","81.2","21.0","26.9","15.1"
"USW00014735","1960-09","10","7","3","0","6.1","87.9","31.7","200.5","17.1","22.7","11.5"
"USW00014735","1960-10","7","5","0","0","-2.8","14.5","24.4","40.2","9.6","15.9","3.4"
"USW00014735","1960-11","7","5","0","0","-7.2","11.4","15.0","29.6","5.3","10.2","0.4"
"USW00014735","1960-12","6","4","0","20","-23.9","11.9","11.7","34.3","-5.8","-0.2","-11.3"
"USW00014735","1961-01","7","3","0","31","-27.2","21.6","7.2","37.3","-9.3","-3.3","-15.2"
"USW00014735","1961-02","9","4","0","22","-27.8","24.1","12.8","62.7","-3.6","1.6","-8.9"
"USW00014735","1961-03","14","8","0","15","-16.1","17.8","22.8","79.2","0.6","5.3","-4.2"
"USW00014735","1961-04","18","6","0","2","-5.6","22.6","20.0","78.5","6.6","11.1","2.1"
"USW00014735","1961-05","15","8","0","0","-2.2","23.9","30.6","112.9","13.0","19.3","6.7"
"USW00014735","1961-06","11","5","1","0","4.4","35.3","32.8","75.2","19.4","25.9","12.9"
"USW00014735","1961-07","15","9","1","0","8.3","31.2","33.9","121.5","21.9","27.7","16.2"
"USW00014735","1961-08","10","6","1","0","7.8","58.9","32.2","120.8","20.9","26.6","15.3"
"USW00014735","1961-09","6","4","1","0","1.1","33.8","32.8","62.8","20.5","26.7","14.2"
"USW00014735","1961-10","5","4","0","0","-2.8","14.0","26.1","31.1","12.2","18.1","6.2"
"USW00014735","1961-11","12","7","0","2","-5.6","16.5","19.4","75.8","4.1","8.0","0.1"
"USW00014735","1961-12","13","5","0","15","-18.9","13.7","10.0","50.0","-2.4","1.3","-6.2"
"USW00014735","1962-01","8","5","0","17","-20.0","16.5","10.6","52.1","-5.6","-0.5","-10.7"
"USW00014735","1962-02","17","8","1","20","-27.8","30.5","8.3","92.9","-6.4","-1.8","-11.0"
"USW00014735","1962-03","5","3","0","15","-17.8","20.3","26.1","43.2","1.5","6.6","-3.6"
"USW00014735","1962-04","11","6","0","1","-6.1","19.1","32.8","82.7","8.3","14.5","2.1"
"USW00014735","1962-05","12","4","0","0","-0.6","9.4","34.4","35.6","15.4","22.0","8.9"
"USW00014735","1962-06","6","4","0","0","7.2","13.0","32.8","29.3","20.0","26.3","13.7"
"USW00014735","1962-07","8","5","0","0","7.8","17.8","35.0","53.9","20.6","27.6","13.5"
"USW00014735","1962-08","9","7","0","0","7.2","22.1","32.2","66.0","20.5","26.5","14.6"
"USW00014735","1962-09","11","8","0","0","-1.1","21.3","31.1","87.5","14.9","21.0","8.7"
"USW00014735","1962-10","11","9","0","0","-3.3","21.6","26.7","91.0","10.1","15.0","5.1"
"USW00014735","1962-11","9","4","0","2","-10.0","15.2","16.7","53.6","1.7","6.4","-3.0"
"USW00014735","1962-12","11","4","0","21","-23.9","24.6","12.2","57.0","-5.0","0.0","-10.1"
"USW00014735","1963-01","12","7","0","24","-24.4","15.2","6.7","60.4","-6.5","-2.0","-11.1"
"USW00014735","1963-02","10","3","0","28","-26.7","15.7","6.7","46.9","-8.2","-2.3","-14.1"
"USW00014735","1963-03","16","10","0","25","-14.4","15.0","21.1","87.7","0.9","5.7","-3.9"
"USW00014735","1963-04","10","3","0","0","-5.0","9.9","21.1","29.1","7.6","14.1","1.1"
"USW00014735","1963-05","9","5","0","0","-1.7","17.8","28.9","48.3","13.6","20.5","6.8"
"USW00014735","1963-06","8","4","0","0","8.9","22.6","33.3","74.6","19.6","26.1","13.2"
"USW00014735","1963-07","10","5","0","0","5.0","6.9","36.1","30.5","22.2","29.1","15.3"
"USW00014735","1963-08","13","9","0","0","7.8","12.4","30.6","63.2","19.1","25.3","12.9"
"USW00014735","1963-09","5","5","2","0","-2.8","29.7","27.8","68.3","13.8","20.7","6.9"
"USW00014735","1963-10","2","1","0","0","-1.1","2.8","31.7","5.1","13.1","20.5","5.6"
"USW00014735","1963-11","15","12","0","0","-5.0","24.4","17.2","105.5","6.9","10.7","3.0"
"USW00014735","1963-12","13","7","0","24","-25.0","13.7","9.4","47.2","-7.7","-3.1","-12.4"
"USW00014735","1964-01","13","7","0","29","-26.1","21.8","10.0","85.1","-4.5","0.8","-9.9"
"USW00014735","1964-02","9","4","0","20","-22.2","18.5","6.1","41.5","-5.4","-0.3","-10.5"
"USW00014735","1964-03","12","4","1","9","-8.3","35.6","21.7","74.6","1.6","6.3","-3.1"
"USW00014735","1964-04","14","6","0","0","-8.9","15.0","23.9","55.3","7.6","13.5","1.8"
"USW00014735","1964-05","9","3","0","0","2.2","20.6","33.9","33.4","16.5","23.8","9.1"
"USW00014735","1964-06","8","4","0","0","2.2","5.3","36.7","16.5","19.1","26.1","12.2"
"USW00014735","1964-07","8","5","0","0","10.0","9.7","36.1","32.9","23.5","30.1","17.0"
"USW00014735","1964-08","11","5","0","0","7.2","19.6","32.8","64.9","19.0","25.7","12.3"
"USW00014735","1964-09","4","3","0","0","0.0","3.8","31.1","10.2","16.1","23.0","9.2"
"USW00014735","1964-10","5","3","0","0","-6.1","4.1","25.6","13.8","9.5","16.1","3.0"
"USW00014735","1964-11","9","4","0","0","-10.0","11.4","20.6","36.8","5.2","10.2","0.1"
"USW00014735","1964-12","13","7","1","14","-16.1","30.2","16.7","83.5","-2.3","1.4","-6.0"
"USW00014735","1965-01","12","5","0","18","-25.6","17.0","7.8","49.6","-7.7","-2.6","-12.9"
"USW00014735","1965-02","9","5","0","10","-24.4","11.4","9.4","48.8","-5.4","-0.4","-10.5"
"USW00014735","1965-03","12","6","0","5","-11.1","20.3","12.8","44.0","-0.5","4.0","-5.0"
"USW00014735","1965-04","10","6","0","3","-12.2","17.8","23.3","60.5","5.6","11.8","-0.5"
"USW00014735","1965-05","8","4","0","0","0.6","13.2","32.8","31.0","15.3","23.2","7.4"
"USW00014735","1965-06","15","6","0","0","3.3","15.5","35.6","48.5","19.4","27.0","11.7"
"USW00014735","1965-07","9","5","1","0","7.2","41.4","34.4","89.4","20.5","28.2","12.8"
"USW00014735","1965-08","15","9","1","0","2.8","36.3","33.9","109.6","20.8","26.9","14.6"
"USW00014735","1965-09","11","5","2","0","-1.1","41.4","32.8","95.4","17.5","23.0","12.1"
"USW00014735","1965-10","10","6","0","0","-4.4","20.3","26.7","60.3","10.7","16.9","4.4"
"USW00014735","1965-11","12","6","0","0","-8.9","13.5","16.7","48.2","3.1","7.9","-1.7"
"USW00014735","1965-12","10","3","0","2","-17.2","9.1","15.6","24.6","-0.6","3.6","-4.9"
"USW00014735","1966-01","15","4","0","27","-20.0","16.3","13.9","58.4","-5.8","-1.2","-10.5"
"USW00014735","1966-02","13","6","1","24","-26.7","27.4","12.2","68.9","-4.9","1.0","-10.7"
"USW00014735","1966-03","12","6","0","7","-11.1","25.1","18.3","92.1","1.3","6.6","-4.1"
"USW00014735","1966-04","11","4","0","0","-5.6","17.5","20.6","37.3","6.6","12.9","0.4"
"USW00014735","1966-05","17","8","0","0","-1.7","11.2","29.4","59.8","12.1","18.6","5.7"
"USW00014735","1966-06","11","5","0","0","4.4","21.3","33.9","75.1","19.6","27.2","12.1"
"USW00014735","1966-07","7","7","1","0","8.3","56.9","36.7","98.5","22.3","29.7","15.0"
"USW00014735","1966-08","11","5","0","0","7.2","9.7","31.7","36.7","20.6","27.7","13.6"
"USW00014735","1966-09","10","6","2","0","-0.6","65.0","30.0","142.5","14.4","20.9","8.0"
"USW00014735","1966-10","6","3","2","0","-5.6","25.7","24.4","56.5","9.2","15.9","2.5"
"USW00014735","1966-11","13","4","0","0","-10.6","18.3","21.1","45.5","5.7","10.9","0.5"
"USW00014735","1966-12","17","7","0","15","-17.8","21.3","17.8","77.3","-2.6","2.1","-7.4"
"USW00014735","1967-01","11","3","0","25","-20.6","16.8","11.7","31.1","-2.8","2.1","-7.7"
"USW00014735","1967-02","13","5","0","24","-25.6","15.2","11.7","44.9","-7.8","-1.9","-13.7"
"USW00014735","1967-03","15","7","0","20","-23.3","23.1","15.6","65.2","-1.7","3.9","-7.3"
"USW00014735","1967-04","10","7","0","0","-6.7","22.1","21.7","93.8","6.4","12.4","0.3"
"USW00014735","1967-05","13","7","1","0","-0.6","25.7","27.2","85.5","10.2","16.8","3.6"
"USW00014735","1967-06","12","8","0","0","2.2","20.1","35.6","72.5","21.0","28.0","14.1"
"USW00014735","1967-07","14","7","0","0","8.9","22.9","31.1","86.0","22.0","27.9","16.1"
"USW00014735","1967-08","13","7","0","0","7.2","15.7","31.7","55.0","20.7","26.8","14.6"
"USW00014735","1967-09","8","5","1","0","1.1","30.5","29.4","56.7","16.3","23.6","8.9"
"USW00014735","1967-10","7","3","2","0","-4.4","43.7","28.3","88.5","10.6","16.7","4.4"
"USW00014735","1967-11","11","7","0","4","-10.0","16.3","17.8","68.1","1.6","6.4","-3.2"
"USW00014735","1967-12","12","8","1","5","-21.1","37.6","11.1","99.0","-1.7","2.9","-6.4"
"USW00014735","1968-01","13","6","0","31","-32.2","10.2","5.0","37.7","-9.6","-3.9","-15.3"
"USW00014735","1968-02","10","1","0","0","-19.4","4.3","7.8","9.3","-6.1","-0.7","-11.4"
"USW00014735","1968-03","10","5","0","4","-14.4","21.1","25.0","66.6","2.8","8.9","-3.2"
"USW00014735","1968-04","7","4","1","0","-2.8","51.1","28.3","67.0","10.6","18.7","2.5"
"USW00014735","1968-05","16","10","1","0","-3.3","55.1","26.1","121.5","12.7","19.8","5.7"
"USW00014735","1968-06","19","13","1","0","8.3","35.8","36.7","111.5","19.3","25.0","13.5"
"USW00014735","1968-07","4","1","0","0","6.7","8.9","35.6","12.5","22.6","29.8","15.5"
"USW00014735","1968-08","8","7","0","0","5.0","8.6","33.9","45.1","20.3","27.3","13.4"
"USW00014735","1968-09","5","5","0","0","4.4","15.5","29.4","37.9","17.6","25.3","10.0"
"USW00014735","1968-10","9","5","0","0","-2.2","15.0","28.9","55.5","11.8","18.3","5.3"
"USW00014735","1968-11","21","12","1","6","-8.3","30.2","21.7","139.3","3.6","8.4","-1.1"
"USW00014735","1968-12","16","8","0","17","-24.4","25.1","8.9","116.9","-4.7","-0.1","-9.3"
"USW00014735","1969-01","12","5","0","31","-22.8","18.0","5.6","54.0","-6.2","-1.0","-11.3"
"USW00014735","1969-02","11","6","0","28","-17.8","14.7","6.7","42.1","-4.1","0.4","-8.6"
"USW00014735","1969-03","8","4","0","17","-15.6","15.7","16.1","33.6","-0.5","4.5","-5.5"
"USW00014735","1969-04","11","7","1","0","-11.1","36.1","28.9","89.2","8.7","16.0","1.4"
"USW00014735","1969-05","10","4","1","0","-1.7","30.0","31.7","67.1","13.5","21.0","6.0"
"USW00014735","1969-06","13","9","2","0","4.4","35.1","33.3","134.7","18.9","25.7","12.1"
"USW00014735","1969-07","11","5","3","0","6.1","37.1","33.9","129.1","20.9","27.2","14.7"
"USW00014735","1969-08","8","7","0","0","5.0","14.7","33.3","55.4","21.4","28.6","14.3"
"USW00014735","1969-09","8","3","0","0","1.7","20.3","32.8","52.5","16.9","23.8","9.9"
"USW00014735","1969-10","6","4","0","0","-8.9","18.3","26.1","39.4","9.4","16.8","2.1"
"USW00014735","1969-11","16","11","1","3","-12.8","38.1","16.7","141.4","4.3","8.5","0.1"
"USW00014735","1969-12","19","12","2","24","-30.0","36.6","13.9","165.4","-5.8","-1.3","-10.3"
"USW00014735","1970-01","13","2","0","31","-31.1","2.5","6.1","20.5","-12.4","-5.4","-19.4"
"USW00014735","1970-02","12","4","0","28","-21.1","15.0","8.3","50.5","-5.0","1.5","-11.5"
"USW00014735","1970-03","12","8","0","12","-13.9","19.1","13.9","73.0","0.0","5.3","-5.3"
"USW00014735","1970-04","9","5","1","1","-8.3","38.9","31.1","76.6","9.3","16.4","2.1"
"USW00014735","1970-05","16","5","0","0","1.1","10.2","33.3","45.4","15.8","22.6","9.1"
"USW00014735","1970-06","9","6","0","0","3.9","24.4","32.2","79.9","18.8","25.8","11.8"
"USW00014735","1970-07","14","5","0","0","8.3","16.5","32.8","49.2","22.2","28.8","15.5"
"USW00014735","1970-08","10","8","0","0","7.2","24.6","33.9","85.1","20.9","28.7","13.1"
"USW00014735","1970-09","10","6","1","0","3.9","35.3","32.8","96.4","17.4","23.6","11.2"
"USW00014735","1970-10","10","6","0","0","-6.1","18.0","26.1","63.3","11.6","18.0","5.1"
"USW00014735","1970-11","12","4","0","0","-11.1","16.3","18.3","37.8","5.5","10.7","0.3"
"USW00014735","1970-12","15","11","1","22","-21.1","34.0","18.3","98.8","-5.8","-0.6","-11.0"
"USW00014735","1971-01","11","4","0","31","-33.3","11.7","6.1","45.2","-10.1","-3.2","-16.9"
"USW00014735","1971-02","11","9","0","28","-27.8","22.9","10.6","104.3","-3.7","1.7","-9.1"
"USW00014735","1971-03","11","5","0","26","-12.8","21.8","10.6","79.0","-0.8","3.6","-5.2"
"USW00014735","1971-04","12","5","0","1","-7.2","12.2","25.0","50.9","5.7","12.4","-0.9"
"USW00014735","1971-05","13","7","0","0","-0.6","21.8","30.6","88.3","12.7","19.6","5.8"
"USW00014735","1971-06","9","4","1","0","3.3","31.5","32.8","71.5","19.1","26.4","11.7"
"USW00014735","1971-07","12","8","0","0","6.7","24.4","31.1","99.0","20.2","27.2","13.2"
"USW00014735","1971-08","11","7","3","0","3.9","88.9","31.1","178.9","19.3","26.3","12.4"
"USW00014735","1971-09","8","4","0","0","4.4","17.5","30.0","61.0","18.2","23.8","12.5"
"USW00014735","1971-10","8","4","1","0","-0.6","35.3","27.8","53.3","12.6","18.9","6.3"
"USW00014735","1971-11","15","7","1","6","-11.7","41.7","23.9","96.1","2.7","7.4","-2.1"
"USW00014735","1971-12","16","4","1","14","-18.3","27.2","12.8","78.6","-1.1","3.7","-6.0"
"USW00014735","1972-01","15","4","0","21","-25.6","10.4","11.1","31.0","-5.0","1.2","-11.3"
"USW00014735","1972-02","11","5","0","23","-26.7","21.8","11.1","77.2","-6.1","0.0","-12.2"
"USW00014735","1972-03","14","9","0","10","-18.3","23.9","15.0","103.0","-0.8","4.4","-6.0"
"USW00014735","1972-04","12","8","0","2","-8.9","22.6","26.7","92.2","5.1","11.6","-1.3"
"USW00014735","1972-05","12","9","2","0","0.6","34.0","29.4","152.0","15.3","21.5","9.0"
"USW00014735","1972-06","15","13","1","0","2.8","41.9","28.3","173.7","17.5","22.7","12.3"
"USW00014735","1972-07","13","5","1","0","9.4","37.8","32.8","78.9","21.6","27.6","15.6"
"USW00014735","1972-08","10","6","0","0","5.0","10.9","30.6","37.6","19.5","26.0","13.1"
"USW00014735","1972-09","12","4","0","0","1.7","19.1","30.0","50.5","15.9","22.9","8.9"
"USW00014735","1972-10","8","4","1","0","-8.3","66.5","23.3","91.4","7.6","13.9","1.4"
"USW00014735","1972-11","16","14","3","14","-15.0","45.5","14.4","205.1","1.7","5.9","-2.5"
"USW00014735","1972-12","20","10","0","24","-17.2","17.0","11.1","106.2","-1.8","2.3","-5.8"
"USW00014735","1973-01","7","6","0","4","-22.8","19.8","15.0","54.9","-2.8","2.9","-8.4"
"USW00014735","1973-02","8","3","0","14","-29.4","13.5","9.4","34.2","-5.6","0.3","-11.5"
"USW00014735","1973-03","12","5","0","0","-8.9","19.1","20.6","50.8","5.5","11.2","-0.2"
"USW00014735","1973-04","12","7","2","0","-7.2","33.0","30.0","113.4","9.3","15.2","3.5"
"USW00014735","1973-05","20","12","1","0","1.7","32.3","26.1","138.4","12.9","19.1","6.8"
"USW00014735","1973-06","14","10","3","0","3.3","59.4","33.3","186.9","20.4","26.7","14.0"
"USW00014735","1973-07","9","4","0","0","10.0","13.2","36.1","42.6","22.6","29.5","15.7"
"USW00014735","1973-08","8","5","1","0","7.8","39.4","33.9","73.4","22.7","29.1","16.3"
"USW00014735","1973-09","10","6","0","0","-1.7","10.4","33.9","33.8","15.8","22.9","8.7"
"USW00014735","1973-10","10","6","1","0","-2.8","25.4","24.4","52.6","10.5","17.8","3.2"
"USW00014735","1973-11","13","5","0","0","-8.3","6.4","21.1","32.4","4.4","8.9","-0.2"
"USW00014735","1973-12","13","10","2","11","-25.0","42.4","16.1","170.9","-2.1","2.6","-6.8"
"USW00014735","1974-01","14","6","0","27","-25.6","11.4","16.7","52.0","-4.8","0.5","-10.1"
"USW00014735","1974-02","9","4","0","15","-22.8","20.6","13.9","53.9","-6.0","-0.1","-11.8"
"USW00014735","1974-03","16","5","1","3","-13.9","25.7","17.2","79.1","0.2","5.6","-5.2"
"USW00014735","1974-04","14","7","1","3","-6.7","25.4","28.9","71.2","9.0","16.0","1.9"
"USW00014735","1974-05","14","8","1","0","-1.7","37.3","31.1","88.0","12.3","18.4","6.1"
"USW00014735","1974-06","14","7","0","0","3.3","21.6","33.3","84.3","18.3","25.0","11.7"
"USW00014735","1974-07","13","9","2","0","7.2","48.3","33.3","123.1","20.7","27.4","13.9"
"USW00014735","1974-08","9","8","0","0","8.3","21.6","31.1","89.7","19.9","26.6","13.3"
"USW00014735","1974-09","14","10","2","0","-2.2","29.5","30.0","136.5","14.6","20.7","8.5"
"USW00014735","1974-10","8","2","0","0","-7.8","18.8","25.6","38.0","6.9","13.2","0.5"
"USW00014735","1974-11","14","8","0","2","-10.0","23.9","25.0","97.3","3.7","8.6","-1.3"
"USW00014735","1974-12","9","8","0","18","-17.8","16.5","13.3","65.2","-1.7","2.2","-5.7"
"USW00014735","1975-01","13","8","0","25","-22.2","20.3","13.9","70.0","-3.5","1.8","-8.8"
"USW00014735","1975-02","14","9","1","18","-27.2","37.1","11.1","91.1","-4.0","1.1","-9.1"
"USW00014735","1975-03","16","5","0","1","-15.6","24.4","15.0","69.3","-0.7","4.5","-5.8"
"USW00014735","1975-04","7","2","1","1","-5.0","48.3","20.6","55.6","4.8","10.6","-1.0"
"USW00014735","1975-05","13","7","0","0","1.1","17.5","31.1","75.3","16.6","23.6","9.5"
"USW00014735","1975-06","10","8","0","0","2.2","24.1","32.8","96.4","18.4","24.3","12.5"
"USW00014735","1975-07","13","10","2","0","8.3","38.4","32.8","176.8","22.6","28.5","16.8"
"USW00014735","1975-08","13","7","3","0","6.7","34.5","36.1","152.0","21.1","27.2","15.0"
"USW00014735","1975-09","16","10","1","0","0.6","27.7","27.2","116.3","15.2","20.8","9.6"
"USW00014735","1975-10","12","6","2","0","-2.8","47.8","27.8","149.6","11.8","17.6","6.0"
"USW00014735","1975-11","11","5","0","2","-4.4","19.3","23.9","73.5","7.5","12.8","2.3"
"USW00014735","1975-12","14","7","0","11","-23.9","17.5","15.0","70.7","-3.3","1.8","-8.4"
"USW00014735","1976-01","15","8","1","31","-26.7","31.8","11.7","95.9","-8.9","-2.7","-15.1"
"USW00014735","1976-02","11","6","0","11","-17.8","17.3","19.4","66.2","-0.3","5.7","-6.3"
"USW00014735","1976-03","13","7","0","8","-12.8","20.3","22.8","90.7","2.6","8.8","-3.6"
"USW00014735","1976-04","9","4","2","0","-7.2","35.6","33.3","92.4","9.8","16.5","3.1"
"USW00014735","1976-05","15","12","1","0","-1.1","32.3","27.8","124.2","12.7","19.6","5.9"
"USW00014735","1976-06","16","9","1","0","5.0","62.2","32.8","136.3","20.8","27.1","14.4"
"USW00014735","1976-07","11","9","0","0","7.8","15.0","31.7","66.0","20.3","26.4","14.1"
"USW00014735","1976-08","13","8","1","0","3.9","41.1","32.2","128.3","19.6","26.2","13.1"
"USW00014735","1976-09","10","5","1","0","-0.6","26.2","29.4","66.4","15.0","21.9","8.1"
"USW00014735","1976-10","12","8","3","0","-6.7","46.2","23.3","143.4","8.1","13.6","2.5"
"USW00014735","1976-11","7","4","0","2","-13.3","9.9","16.7","35.8","1.6","6.1","-3.0"
"USW00014735","1976-12","11","3","0","14","-18.3","22.4","7.8","35.4","-5.9","0.0","-11.8"
"USW00014735","1977-01","10","5","0","31","-26.1","17.3","4.4","38.4","-9.1","-4.1","-14.2"
"USW00014735","1977-02","11","6","0","18","-18.9","24.1","11.1","66.9","-4.2","0.4","-8.7"
"USW00014735","1977-03","12","8","1","9","-14.4","50.8","29.4","149.9","4.4","10.1","-1.1"
"USW00014735","1977-04","13","5","2","0","-8.9","31.5","30.6","86.8","8.2","15.0","1.4"
"USW00014735","1977-05","8","5","0","0","-1.1","23.6","31.7","58.1","15.7","23.6","7.8"
"USW00014735","1977-06","13","7","0","0","2.8","17.5","30.0","73.0","18.1","24.0","12.2"
"USW00014735","1977-07","9","6","0","0","7.8","22.4","35.6","58.8","22.0","28.7","15.4"
"USW00014735","1977-08","13","9","1","0","5.6","32.8","33.3","93.0","19.9","26.0","13.8"
"USW00014735","1977-09","16","12","1","0","3.3","39.1","29.4","169.2","16.3","21.0","11.5"
"USW00014735","1977-10","12","7","1","0","-4.4","48.3","22.2","101.6","9.8","15.4","4.2"
"USW00014735","1977-11","17","9","2","7","-7.2","26.4","22.8","123.0","5.9","10.0","1.7"
"USW00014735","1977-12","12","11","0","27","-21.1","24.9","10.0","107.0","-2.9","0.9","-6.8"
"USW00014735","1978-01","18","11","1","29","-21.7","40.6","15.0","163.5","-5.8","-1.6","-10.0"
"USW00014735","1978-02","4","2","0","28","-25.0","18.3","2.2","22.3","-7.7","-2.6","-12.8"
"USW00014735","1978-03","9","4","1","16","-15.6","25.9","12.8","50.7","-0.7","4.2","-5.6"
"USW00014735","1978-04","8","6","0","0","-6.7","11.7","22.8","42.6","6.3","11.9","0.6"
"USW00014735","1978-05","13","5","0","0","-2.2","17.3","31.7","49.8","14.6","21.1","8.2"
"USW00014735","1978-06","10","7","1","0","4.4","34.8","31.1","116.9","18.0","24.6","11.3"
"USW00014735","1978-07","12","5","1","0","4.4","46.7","35.0","102.7","20.4","27.4","13.5"
"USW00014735","1978-08","12","9","0","0","8.9","21.6","33.3","77.9","20.6","26.4","14.9"
"USW00014735","1978-09","9","5","0","0","-1.1","14.5","31.1","47.6","13.8","21.3","6.3"
"USW00014735","1978-10","10","6","0","0","-5.6","19.8","23.3","75.0","9.2","15.4","3.0"
"USW00014735","1978-11","11","4","0","1","-9.4","5.6","20.6","23.3","3.7","9.3","-1.9"
"USW00014735","1978-12","10","7","1","15","-15.6","28.4","11.7","78.3","-1.8","2.6","-6.3"
"USW00014735","1979-01","17","9","3","30","-23.9","34.8","12.8","161.9","-5.5","-0.9","-10.1"
"USW00014735","1979-02","9","3","0","28","-28.3","15.7","6.7","43.5","-9.8","-5.3","-14.2"
"USW00014735","1979-03","12","7","0","3","-11.1","11.9","21.7","46.5","3.8","9.6","-1.9"
"USW00014735","1979-04","14","9","0","2","-4.4","22.6","25.0","99.0","7.5","13.2","1.7"
"USW00014735","1979-05","15","9","1","0","3.9","41.1","33.9","104.9","15.5","21.4","9.7"
"USW00014735","1979-06","7","3","1","0","3.9","30.0","32.2","49.3","18.9","25.5","12.2"
"USW00014735","1979-07","7","4","1","0","6.7","55.4","35.0","70.6","22.5","28.8","16.1"
"USW00014735","1979-08","11","6","0","0","4.4","19.1","32.2","68.1","20.5","26.2","14.9"
"USW00014735","1979-09","9","7","1","0","-1.1","45.5","30.0","103.0","16.2","23.1","9.3"
"USW00014735","1979-10","8","5","1","0","-3.9","41.1","30.0","86.9","10.1","15.3","4.9"
"USW00014735","1979-11","11","5","1","0","-6.1","32.5","20.6","86.8","6.7","11.6","1.8"
"USW00014735","1979-12","9","3","0","3","-17.2","10.9","16.7","24.0","-0.4","4.4","-5.1"
"USW00014735","1980-01","6","1","0","0","-15.6","6.1","12.8","10.8","-4.4","0.4","-9.1"
"USW00014735","1980-02","4","2","0","8","-19.4","15.7","7.8","22.6","-6.7","-1.4","-12.1"
"USW00014735","1980-03","15","9","0","5","-18.3","22.9","17.2","112.9","0.7","6.1","-4.6"
"USW00014735","1980-04","12","8","0","0","-3.3","15.0","22.8","76.7","8.9","14.7","3.1"
"USW00014735","1980-05","9","4","0","0","0.6","8.1","32.2","26.7","15.3","22.4","8.1"
"USW00014735","1980-06","12","9","2","0","2.2","39.9","32.8","124.4","17.4","24.0","10.9"
"USW00014735","1980-07","9","9","0","0","11.1","20.8","34.4","68.4","22.4","28.6","16.1"
"USW00014735","1980-08","12","8","2","0","7.2","70.6","32.2","163.8","21.5","27.4","15.6"
"USW00014735","1980-09","10","6","0","0","2.8","19.8","32.2","56.9","16.9","23.6","10.3"
"USW00014735","1980-10","9","6","1","0","-7.2","31.5","26.1","57.7","8.5","14.1","2.9"
"USW00014735","1980-11","7","5","1","6","-10.6","26.4","16.7","75.9","1.6","6.2","-3.0"
"USW00014735","1980-12","12","3","0","20","-28.9","10.4","14.4","31.1","-6.7","-0.5","-13.1"
"USW00014735","1981-01","6","3","0","28","-26.7","4.3","6.7","14.9","-10.0","-4.8","-15.2"
"USW00014735","1981-02","15","9","1","3","-18.3","25.4","18.9","127.6","0.6","6.4","-5.2"
"USW00014735","1981-03","11","0","0","0","-13.3","1.5","26.7","6.8","1.5","7.1","-4.1"
"USW00014735","1981-04","11","6","0","0","-5.6","16.5","26.1","50.6","8.9","15.3","2.6"
"USW00014735","1981-05","9","6","0","0","-1.7","21.6","34.4","62.0","14.9","23.2","6.6"
"USW00014735","1981-06","12","8","0","0","4.4","19.6","34.4","70.6","19.3","25.8","12.7"
"USW00014735","1981-07","12","7","0","0","7.2","24.9","32.8","88.9","20.7","27.1","14.4"
"USW00014735","1981-08","9","4","0","0","4.4","17.5","32.2","44.8","20.3","26.7","13.8"
"USW00014735","1981-09","12","9","1","0","0.0","34.3","28.9","87.6","14.9","20.2","9.6"
"USW00014735","1981-10","10","8","0","0","-7.2","24.6","20.0","90.3","7.1","13.0","1.2"
"USW00014735","1981-11","12","5","0","0","-10.6","14.5","19.4","39.6","3.1","8.0","-1.7"
"USW00014735","1981-12","13","9","0","23","-22.2","17.8","6.7","89.9","-3.5","0.3","-7.2"
"USW00014735","1982-01","17","5","0","31","-23.9","23.4","7.2","81.2","-9.8","-4.9","-14.7"
"USW00014735","1982-02","6","4","1","28","-21.1","31.2","6.7","54.4","-4.8","0.5","-10.1"
"USW00014735","1982-03","15","5","1","14","-18.3","30.2","18.9","82.1","0.4","5.6","-4.8"
"USW00014735","1982-04","9","5","0","6","-10.6","23.6","27.2","62.5","6.8","13.3","0.3"
"USW00014735","1982-05","9","6","0","0","1.1","15.7","27.8","65.9","15.3","21.8","8.8"
"USW00014735","1982-06","16","10","2","0","7.2","42.9","28.3","164.6","17.2","22.8","11.5"
"USW00014735","1982-07","4","4","1","0","6.7","39.4","35.6","61.7","21.1","28.3","14.0"
"USW00014735","1982-08","6","4","1","0","1.1","30.2","30.0","51.0","18.6","25.1","12.1"
"USW00014735","1982-09","8","4","0","0","2.8","17.0","30.6","36.1","15.8","22.2","9.4"
"USW00014735","1982-10","6","2","0","0","-3.9","17.0","25.6","25.3","10.3","16.9","3.8"
"USW00014735","1982-11","13","10","1","0","-10.6","25.4","27.2","96.7","6.1","11.1","1.1"
"USW00014735","1982-12","11","5","0","5","-17.8","8.4","17.2","33.9","0.9","5.7","-3.9"
"USW00014735","1983-01","7","6","1","17","-20.6","32.3","10.6","94.8","-4.3","0.3","-8.9"
"USW00014735","1983-02","7","4","0","16","-22.2","24.6","11.1","51.6","-2.9","2.2","-7.9"
"USW00014735","1983-03","15","12","1","3","-8.9","29.5","15.6","135.2","3.1","7.4","-1.2"
"USW00014735","1983-04","18","10","2","2","-4.4","44.7","27.8","202.0","8.2","13.1","3.3"
"USW00014735","1983-05","18","15","1","0","-1.1","36.3","25.6","159.0","12.7","18.1","7.3"
"USW00014735","1983-06","8","3","0","0","4.4","20.1","32.8","49.7","19.6","26.5","12.6"
"USW00014735","1983-07","7","2","0","0","8.9","22.6","34.4","34.1","22.3","29.0","15.6"
"USW00014735","1983-08","9","5","1","0","8.9","44.7","35.0","86.6","21.0","26.9","15.1"
"USW00014735","1983-09","7","3","1","0","1.1","47.8","33.3","58.1","17.0","24.1","9.9"
"USW00014735","1983-10","8","5","0","0","-5.0","17.8","25.6","55.3","9.7","15.6","3.8"
"USW00014735","1983-11","14","11","1","0","-7.2","31.2","17.8","120.2","4.0","8.8","-0.7"
"USW00014735","1983-12","14","7","1","15","-21.7","47.2","8.9","129.6","-4.4","-0.1","-8.7"
"USW00014735","1984-01","14","2","0","27","-28.9","16.5","8.9","32.7","-7.7","-2.9","-12.6"
"USW00014735","1984-02","16","8","0","9","-22.2","15.7","16.7","75.7","0.2","4.9","-4.4"
"USW00014735","1984-03","10","8","0","15","-17.8","24.4","12.2","77.3","-1.7","3.0","-6.4"
"USW00014735","1984-04","15","12","1","0","-4.4","30.2","25.0","108.8","8.6","14.1","3.1"
"USW00014735","1984-05","17","12","3","0","-0.6","51.8","28.9","201.5","11.8","17.7","5.8"
"USW00014735","1984-06","7","4","0","0","2.8","13.2","33.9","44.2","19.1","25.9","12.3"
"USW00014735","1984-07","9","7","0","0","9.4","24.1","31.7","100.8","20.5","26.1","14.8"
"USW00014735","1984-08","9","8","0","0","8.3","17.0","32.8","82.6","22.1","27.6","16.6"
"USW00014735","1984-09","9","3","0","0","2.2","14.2","29.4","39.0","15.7","21.9","9.5"
"USW00014735","1984-10","10","7","0","0","-3.9","14.5","24.4","63.5","12.1","18.0","6.2"
"USW00014735","1984-11","8","6","0","2","-7.2","19.6","18.9","54.6","4.6","9.6","-0.5"
"USW00014735","1984-12","14","6","0","7","-12.8","19.6","21.7","63.0","1.0","5.4","-3.3"
"USW00014735","1985-01","10","3","0","12","-19.4","7.1","10.6","20.6","-6.7","-2.4","-11.1"
"USW00014735","1985-02","12","6","0","14","-20.0","7.6","18.3","30.0","-2.9","2.2","-8.1"
"USW00014735","1985-03","10","6","2","6","-13.9","33.8","22.8","93.4","2.9","8.6","-2.7"
"USW00014735","1985-04","14","5","0","1","-5.6","9.1","30.0","36.7","9.8","15.8","3.8"
"USW00014735","1985-05","11","5","0","0","-2.2","23.1","30.6","68.9","15.6","21.9","9.2"
"USW00014735","1985-06","15","9","1","0","5.0","37.1","28.9","104.9","16.8","22.6","11.0"
"USW00014735","1985-07","7","5","0","0","7.2","21.6","31.7","47.3","21.5","28.1","14.9"
"USW00014735","1985-08","8","6","0","0","8.9","17.3","33.3","56.8","20.4","26.6","14.2"
"USW00014735","1985-09","12","5","1","0","2.2","40.9","30.0","78.0","17.4","23.6","11.2"
"USW00014735","1985-10","10","5","0","0","-3.9","21.8","25.6","45.9","10.1","16.1","4.1"
"USW00014735","1985-11","15","10","0","6","-6.1","23.4","21.1","126.9","4.5","8.3","0.6"
"USW00014735","1985-12","14","6","0","21","-21.7","14.5","9.4","52.4","-4.2","0.1","-8.4"
"USW00014735","1986-01","12","6","1","13","-20.6","45.2","11.7","80.5","-5.0","-0.1","-10.0"
"USW00014735","1986-02","12","8","1","28","-16.1","28.7","3.9","76.2","-5.1","-1.0","-9.3"
"USW00014735","1986-03","9","6","1","11","-17.2","43.4","30.0","94.5","2.9","8.6","-2.8"
"USW00014735","1986-04","11","5","0","1","-2.8","12.4","28.3","37.9","10.3","16.7","3.8"
"USW00014735","1986-05","14","7","0","0","0.0","25.1","32.8","79.0","16.3","23.2","9.4"
"USW00014735","1986-06","14","9","1","0","2.2","25.9","31.7","137.8","18.1","24.3","11.9"
"USW00014735","1986-07","10","9","3","0","7.8","55.6","34.4","169.6","21.9","27.4","16.3"
"USW00014735","1986-08","13","8","1","0","4.4","26.9","30.0","104.0","19.9","25.9","13.9"
"USW00014735","1986-09","10","8","1","0","1.7","28.7","27.2","66.3","15.6","21.3","9.9"
"USW00014735","1986-10","11","4","0","0","-4.4","15.5","22.8","53.9","9.4","15.6","3.1"
"USW00014735","1986-11","14","11","0","6","-14.4","17.3","16.7","117.4","2.1","7.0","-2.9"
"USW00014735","1986-12","10","6","0","10","-13.9","25.1","7.2","99.6","-0.7","3.2","-4.6"
"USW00014735","1987-01","11","9","1","29","-26.1","26.2","8.3","107.5","-5.7","-0.8","-10.7"
"USW00014735","1987-02","4","1","0","28","-23.9","4.3","7.8","6.1","-5.7","0.2","-11.6"
"USW00014735","1987-03","7","3","1","5","-15.0","30.2","22.2","50.5","3.1","9.1","-2.8"
"USW00014735","1987-04","14","7","1","0","-5.0","28.7","27.8","108.0","10.2","15.7","4.7"
"USW00014735","1987-05","10","4","0","0","0.6","20.3","33.3","40.0","15.6","22.4","8.7"
"USW00014735","1987-06","12","9","0","0","5.0","23.9","33.3","89.9","20.2","26.1","14.2"
"USW00014735","1987-07","12","5","0","0","8.3","22.6","35.0","63.5","23.0","29.4","16.7"
"USW00014735","1987-08","10","9","0","0","4.4","20.6","34.4","93.2","19.5","25.8","13.3"
"USW00014735","1987-09","12","8","4","0","2.2","43.2","27.2","177.6","15.9","21.1","10.7"
"USW00014735","1987-10","11","8","2","2","-4.4","71.6","21.1","175.2","8.1","14.5","1.6"
"USW00014735","1987-11","11","3","0","3","-11.1","23.9","24.4","45.3","4.5","9.7","-0.7"
"USW00014735","1987-12","11","6","0","12","-18.3","13.2","10.6","41.6","-0.7","3.2","-4.6"
"USW00014735","1988-01","8","6","0","20","-25.0","13.0","11.1","49.6","-6.3","-1.3","-11.4"
"USW00014735","1988-02","10","5","1","20","-21.1","32.8","10.0","76.4","-4.4","0.9","-9.7"
"USW00014735","1988-03","10","5","0","3","-16.1","17.8","19.4","41.4","1.2","6.9","-4.4"
"USW00014735","1988-04","11","6","1","0","-2.8","26.2","21.7","56.5","8.1","13.7","2.5"
"USW00014735","1988-05","16","9","0","0","0.6","19.8","31.1","75.0","15.3","21.9","8.7"
"USW00014735","1988-06","9","3","0","0","3.3","22.9","35.6","36.1","18.4","25.7","11.1"
"USW00014735","1988-07","13","9","0","0","10.0","21.8","37.2","79.2","23.9","30.4","17.4"
"USW00014735","1988-08","10","8","1","0","5.0","45.2","36.1","121.2","22.4","28.8","16.0"
"USW00014735","1988-09","7","6","0","0","1.1","15.5","27.2","38.1","15.6","22.3","8.8"
"USW00014735","1988-10","12","3","0","0","-7.8","19.8","25.6","35.7","7.8","13.2","2.4"
"USW00014735","1988-11","12","9","2","0","-7.2","29.2","20.6","116.4","5.0","10.2","-0.2"
"USW00014735","1988-12","9","3","0","11","-24.4","11.7","11.1","26.0","-3.0","1.8","-7.8"
"USW00014735","1989-01","7","2","0","1","-18.3","7.1","11.1","11.7","-2.4","3.0","-7.7"
"USW00014735","1989-02","13","4","0","10","-16.7","12.2","18.3","40.7","-4.3","0.6","-9.3"
"USW00014735","1989-03","13","5","1","1","-20.6","29.2","26.7","68.4","0.8","6.9","-5.3"
"USW00014735","1989-04","10","8","0","0","-5.6","15.0","23.3","68.2","7.0","13.1","0.9"
"USW00014735","1989-05","19","13","0","0","2.8","24.1","32.8","150.4","15.3","21.2","9.3"
"USW00014735","1989-06","17","13","2","0","8.3","45.0","32.8","165.6","20.0","25.6","14.4"
"USW00014735","1989-07","9","7","3","0","11.1","41.7","33.3","150.2","22.0","28.2","15.8"
"USW00014735","1989-08","14","7","0","0","7.2","22.1","33.9","73.8","21.0","26.9","15.1"
"USW00014735","1989-09","10","8","0","0","-0.6","18.3","33.3","71.3","16.9","23.0","10.8"
"USW00014735","1989-10","13","8","1","0","-1.7","54.6","24.4","140.4","10.8","17.1","4.6"
"USW00014735","1989-11","13","5","0","2","-9.4","11.4","20.6","48.3","4.0","9.0","-0.9"
"USW00014735","1989-12","9","3","0","16","-26.1","4.6","5.0","19.2","-10.2","-5.0","-15.4"
"USW00014735","1990-01","16","6","1","9","-11.1","27.7","12.8","97.5","0.5","4.8","-3.8"
"USW00014735","1990-02","12","8","1","19","-21.7","40.6","16.1","100.2","-2.1","3.6","-7.9"
"USW00014735","1990-03","9","4","2","4","-14.4","43.2","27.8","93.1","3.2","9.4","-2.9"
"USW00014735","1990-04","12","7","1","0","-6.1","39.9","33.3","98.2","9.4","15.3","3.4"
"USW00014735","1990-05","15","11","0","0","0.6","22.4","27.2","155.5","12.9","18.8","7.0"
"USW00014735","1990-06","12","6","1","0","3.9","29.5","31.1","67.8","19.6","25.6","13.6"
"USW00014735","1990-07","8","6","0","0","9.4","10.9","35.6","42.7","22.8","29.3","16.3"
"USW00014735","1990-08","11","10","2","0","10.0","45.0","33.3","169.3","21.6","27.6","15.6"
"USW00014735","1990-09","10","5","0","0","1.7","15.2","30.6","46.0","16.5","22.8","10.2"
"USW00014735","1990-10","7","6","2","0","-4.4","42.4","30.0","116.7","11.7","17.5","5.9"
"USW00014735","1990-11","9","4","1","0","-6.7","56.1","23.9","93.2","5.4","10.8","0.1"
"USW00014735","1990-12","12","10","0","3","-12.2","18.8","17.8","88.9","0.9","5.1","-3.3"
"USW00014735","1991-01","10","5","0","22","-20.0","17.0","6.7","54.7","-4.9","-0.1","-9.8"
"USW00014735","1991-02","8","4","0","7","-17.8","15.7","16.1","42.6","-1.1","4.1","-6.3"
"USW00014735","1991-03","14","10","0","0","-7.8","17.0","18.9","64.2","3.0","8.1","-2.1"
"USW00014735","1991-04","15","7","1","0","-3.9","40.1","30.6","105.3","10.6","17.1","4.2"
"USW00014735","1991-05","9","6","1","0","2.2","27.7","31.7","69.6","17.3","24.5","10.1"
"USW00014735","1991-06","5","3","0","0","6.7","23.1","35.0","42.9","20.5","27.9","13.2"
"USW00014735","1991-07","7","6","0","0","8.3","17.8","36.1","42.0","22.0","28.7","15.4"
"USW00014735","1991-08","12","9","1","0","12.2","25.9","33.9","109.7","21.8","27.8","15.8"
"USW00014735","1991-09","11","7","1","0","-2.2","27.7","32.2","84.6","15.5","22.2","8.8"
"USW00014735","1991-10","11","7","0","0","-2.2","19.6","25.6","97.0","11.8","17.7","5.8"
"USW00014735","1991-11","8","6","2","1","-8.3","55.1","22.2","120.8","4.5","8.9","0.0"
"USW00014735","1991-12","15","7","1","14","-17.2","31.5","15.6","74.1","-1.7","3.3","-6.7"
"USW00014735","1992-01","11","4","0","6","-19.4","15.5","14.4","47.4","-4.2","0.7","-9.1"
"USW00014735","1992-02","17","7","0","5","-19.4","5.8","8.9","33.3","-2.8","2.0","-7.7"
"USW00014735","1992-03","14","4","0","2","-13.3","15.5","13.9","42.2","-0.3","5.0","-5.6"
"USW00014735","1992-04","11","7","0","0","-5.0","19.3","25.6","70.5","7.0","12.7","1.4"
"USW00014735","1992-05","11","6","2","0","1.1","36.6","32.2","91.9","14.7","21.8","7.6"
"USW00014735","1992-06","7","4","0","0","6.7","18.8","31.7","49.8","18.5","25.1","11.8"
"USW00014735","1992-07","14","10","0","0","9.4","20.6","30.0","108.0","19.8","25.4","14.1"
"USW00014735","1992-08","13","6","0","0","7.2","12.2","32.2","52.2","19.7","25.7","13.6"
"USW00014735","1992-09","7","5","0","0","1.1","24.4","29.4","61.8","16.3","22.4","10.3"
"USW00014735","1992-10","10","7","0","0","-2.8","24.1","23.3","71.1","8.0","13.6","2.4"
"USW00014735","1992-11","15","11","0","2","-7.8","16.8","16.1","93.1","3.8","7.4","0.2"
"USW00014735","1992-12","15","11","0","11","-15.6","16.8","12.2","76.9","-1.2","2.8","-5.3"
"USW00014735","1993-01","16","6","0","15","-18.9","24.6","14.4","54.4","-3.0","1.5","-7.5"
"USW00014735","1993-02","10","5","0","21","-25.6","19.6","8.3","72.7","-7.6","-1.1","-14.1"
"USW00014735","1993-03","12","9","2","26","-21.1","40.4","18.3","130.1","-0.3","4.8","-5.5"
"USW00014735","1993-04","13","9","1","0","-4.4","42.7","25.6","137.0","9.1","15.0","3.2"
"USW00014735","1993-05","10","4","0","0","3.3","16.0","30.6","34.9","15.3","21.8","8.7"
"USW00014735","1993-06","10","6","0","0","4.4","18.5","32.2","72.8","19.1","25.6","12.5"
"USW00014735","1993-07","9","5","3","0","10.6","55.9","35.0","166.4","22.8","29.0","16.7"
"USW00014735","1993-08","10","5","0","0","8.3","11.4","34.4","39.1","22.0","27.9","16.1"
"USW00014735","1993-09","14","10","0","0","-0.6","10.9","30.6","81.8","15.8","20.9","10.7"
"USW00014735","1993-10","11","7","0","0","-5.0","16.3","26.1","84.2","9.2","14.8","3.6"
"USW00014735","1993-11","12","4","2","0","-12.2","42.7","23.3","96.7","3.6","9.1","-1.9"
"USW00014735","1993-12","11","5","1","5","-18.9","34.8","8.9","78.3","-2.6","1.6","-6.8"
"USW00014735","1994-01","16","10","0","29","-30.6","15.7","8.9","81.4","-10.7","-5.3","-16.1"
"USW00014735","1994-02","8","5","0","28","-26.1","12.4","13.3","45.8","-7.1","-1.6","-12.7"
"USW00014735","1994-03","19","9","0","22","-16.1","24.9","17.2","108.7","0.6","5.3","-4.1"
"USW00014735","1994-04","14","8","0","0","-3.9","24.4","30.0","87.8","9.0","15.4","2.5"
"USW00014735","1994-05","16","6","0","0","0.6","19.8","31.7","83.2","13.6","20.1","7.0"
"USW00014735","1994-06","14","8","0","0","4.4","18.0","35.0","83.0","20.5","26.7","14.4"
"USW00014735","1994-07","15","8","1","0","11.1","36.1","33.9","108.2","23.3","29.0","17.7"
"USW00014735","1994-08","11","7","1","0","7.2","39.1","30.0","105.1","19.5","25.1","13.8"
"USW00014735","1994-09","11","5","0","0","5.0","22.1","27.2","54.8","16.0","21.9","10.2"
"USW00014735","1994-10","6","3","0","0","-1.7","10.2","23.3","21.2","10.0","16.7","3.4"
"USW00014735","1994-11","6","5","0","1","-11.7","12.2","24.4","38.8","6.3","11.9","0.6"
"USW00014735","1994-12","10","5","1","2","-14.4","26.4","12.2","65.5","-0.2","4.7","-5.1"
"USW00014735","1995-01","17","7","0","1","-15.0","19.8","18.3","53.7","-0.4","3.3","-4.1"
"USW00014735","1995-02","11","6","0","18","-27.8","20.3","11.1","49.7","-5.1","0.3","-10.5"
"USW00014735","1995-03","7","5","1","9","-12.2","29.2","20.0","55.9","4.4","10.1","-1.2"
"USW00014735","1995-04","7","6","0","0","-7.8","13.0","23.9","49.4","6.6","12.5","0.8"
"USW00014735","1995-05","10","7","0","0","-1.1","10.9","27.8","34.2","13.8","20.1","7.6"
"USW00014735","1995-06","7","4","1","0","5.0","36.8","34.4","57.7","19.4","26.6","12.1"
"USW00014735","1995-07","11","5","0","0","8.3","14.0","37.2","56.7","23.3","29.4","17.3"
"USW00014735","1995-08","6","4","2","0","8.3","38.1","33.9","93.0","21.6","27.9","15.3"
"USW00014735","1995-09","6","4","1","0","0.0","34.5","30.6","57.9","15.1","21.1","9.0"
"USW00014735","1995-10","11","8","3","0","-1.1","67.3","26.7","203.9","11.9","17.6","6.1"
"USW00014735","1995-11","12","9","1","3","-10.0","36.3","17.2","95.4","2.0","6.4","-2.3"
"USW00014735","1995-12","13","6","0","24","-17.2","19.3","6.1","58.5","-4.5","-1.2","-7.8"
"USW00014735","1996-01","13","7","2","19","-28.3","41.9","15.6","116.4","-6.3","-1.5","-11.2"
"USW00014735","1996-02","12","6","0",,"-18.3","10.7","10.6","37.9","-3.8","0.2","-7.7"
"USW00014735","1996-03","13","6","0","14","-17.8","18.0","18.9","53.5","-0.6","5.1","-6.2"
"USW00014735","1996-04","15","11","0","0","-4.4","24.6","27.8","146.2","7.9","13.2","2.5"
"USW00014735","1996-05","13","8","1",,"-1.1","29.5","32.2","107.9","12.9","18.7","7.1"
"USW00014735","1996-06","15","10","0",,"5.0","16.8","29.4","91.5","20.3","25.2","15.4"
"USW00014735","1996-07","10","6","1",,"11.1","88.6","30.0","164.1","20.9","26.2","15.7"
"USW00014735","1996-08","8","7","1",,"9.4","32.5","31.1","80.0","21.2","27.0","15.3"
"USW00014735","1996-09","14","11","2",,"3.3","29.7","28.9","128.8","16.8","21.5","12.1"
"USW00014735","1996-10","14","4","0","0","-2.8","18.8","22.2","51.7","9.5","15.5","3.5"
"USW00014735","1996-11","11","5","0","4","-13.9","20.1","21.7","74.0","1.4","5.9","-3.0"
"USW00014735","1996-12","16","11","1","10","-18.9","32.3","14.4","114.6","1.0","4.2","-2.2"
"USW00014735","1997-01","14","7","0","16","-22.2","9.1","10.0","42.4","-5.2","-1.0","-9.4"
"USW00014735","1997-02","14","5","0","13","-15.6","16.3","20.0","51.0","-0.9","3.6","-5.4"
"USW00014735","1997-03","16","9","1","5","-11.7","51.3","19.4","112.1","0.6","5.3","-4.0"
"USW00014735","1997-04","8","4","0","3","-6.7","22.1","24.4","58.5","6.8","12.7","0.8"
"USW00014735","1997-05","12","6","0","0","-0.6","20.1","25.6","66.1","11.9","17.5","6.4"
"USW00014735","1997-06","9","4","0","0","6.1","5.1","34.4","18.8","19.9","26.3","13.5"
"USW00014735","1997-07","11","7","0","0","8.3","14.5","35.6","59.5","21.4","28.1","14.8"
"USW00014735","1997-08","17","6","2","0","9.4","44.7","32.8","118.1","20.3","26.1","14.5"
"USW00014735","1997-09","11","6","2","0","1.7","38.9","29.4","104.3","15.9","21.6","10.2"
"USW00014735","1997-10","7","6","0","0","-3.9","13.5","26.7","48.6","8.9","14.9","2.9"
"USW00014735","1997-11","12","9","1","10","-10.6","33.3","16.7","150.3","2.1","6.1","-2.0"
"USW00014735","1997-12","12","6","0","13","-16.1","11.7","8.3","53.3","-1.2","2.4","-4.8"
"USW00014735","1998-01","19","7","0","18","-21.7","21.1","12.2","96.7","-1.7","1.9","-5.3"
"USW00014735","1998-02","8","6","0","14","-15.0","16.8","12.2","65.6","-0.1","4.4","-4.7"
"USW00014735","1998-03","13","6","0","2","-14.4","19.6","31.7","72.7","3.6","8.8","-1.6"
"USW00014735","1998-04","11","7","1","0","-2.8","33.8","24.4","88.6","9.3","15.6","3.0"
"USW00014735","1998-05","14","8","2","0","3.3","42.4","30.6","149.3","17.1","23.4","10.9"
"USW00014735","1998-06","15","13","1","0","5.0","40.9","31.1","167.2","19.0","23.6","14.4"
"USW00014735","1998-07","12","6","1","0","11.7","32.5","31.1","69.6","21.6","27.1","16.1"
"USW00014735","1998-08","12","7","0","0","7.2","11.4","31.7","56.2","21.7","27.5","15.9"
"USW00014735","1998-09","10","7","0","0","2.2","11.2","31.7","50.5","17.3","23.4","11.3"
"USW00014735","1998-10","10","6","1","0","0.0","56.4","23.3","105.3","10.4","15.4","5.4"
"USW00014735","1998-11","8","4","0","0","-5.6","17.5","16.7","42.0","4.4","8.6","0.2"
"USW00014735","1998-12","10","5","0","5","-14.4","6.4","18.9","26.5","1.0","6.1","-4.1"
"USW00014735","1999-01","19","9","0","28","-23.3","19.6","12.2","121.6","-5.7","-0.9","-10.5"
"USW00014735","1999-02","10","4","0","7","-20.0","13.5","12.2","40.6","-2.1","3.0","-7.2"
"USW00014735","1999-03","11","9","1","9","-16.1","42.2","22.2","105.4","1.4","6.5","-3.8"
"USW00014735","1999-04","9","3","0","0","-4.4","5.1","21.1","15.5","8.1","14.5","1.7"
"USW00014735","1999-05","11","6","0","0","1.1","24.1","31.1","70.4","15.2","21.9","8.5"
"USW00014735","1999-06","8","5","0","0","7.2","18.8","35.0","52.9","20.9","27.5","14.4"
"USW00014735","1999-07","10","5","1","0","10.0","29.2","35.0","57.1","23.4","29.7","17.1"
"USW00014735","1999-08","12","8","1","0","7.8","30.7","32.8","87.7","20.7","26.5","14.8"
"USW00014735","1999-09","14","10","2","0","3.9","142.2","31.1","281.0","18.2","23.6","12.8"
"USW00014735","1999-10","10","7","0","0","-4.4","15.7","22.8","61.6","9.3","15.1","3.6"
"USW00014735","1999-11","9","5","0","0","-6.1","17.0","20.6","52.7","6.7","11.4","2.0"
"USW00014735","1999-12","8","5","0","0","-15.6","12.4","16.1","36.0","-0.6","3.5","-4.6"
"USW00014735","2000-01","15","5","0","19","-22.8","20.1","15.6","87.2","-6.3","-1.2","-11.4"
"USW00014735","2000-02","10","5","0","26","-20.0","22.1","10.6","72.1","-2.4","2.1","-7.0"
"USW00014735","2000-03","9","7","1","4","-12.8","25.4","20.0","96.7","4.5","10.8","-1.7"
"USW00014735","2000-04","16","10","1","3","-3.3","39.6","24.4","107.4","7.4","12.2","2.6"
"USW00014735","2000-05","14","9","1","0","1.7","30.0","32.2","125.8","15.2","20.7","9.7"
"USW00014735","2000-06","17","10","1","0","7.8","83.8","32.2","170.0","18.8","24.2","13.4"
"USW00014735","2000-07","14","8","1","0","7.8","82.0","28.9","113.8","19.8","25.0","14.6"
"USW00014735","2000-08","12","9","1","0","7.8","26.2","31.1","119.3","20.3","25.4","15.2"
"USW00014735","2000-09","12","8","0","0","-1.7","23.4","28.9","77.8","15.2","20.8","9.6"
"USW00014735","2000-10","7","5","1","0","-2.8","30.0","25.6","63.1","10.0","15.6","4.5"
"USW00014735","2000-11","12","6","0","1","-13.9","13.2","15.6","48.4","3.3","7.3","-0.6"
"USW00014735","2000-12","11","6","1","16","-15.6","70.9","13.3","111.4","-5.5","-1.0","-9.9"
"USW00014735","2001-01","11","3","0","31","-17.2","9.1","6.1","25.3","-4.1","-0.1","-8.1"
"USW00014735","2001-02","12","5","0","17","-15.6","15.7","10.0","47.0","-2.9","1.6","-7.3"
"USW00014735","2001-03","15","7","1","21","-11.1","34.0","10.6","139.7","-0.6","3.1","-4.4"
"USW00014735","2001-04","7","2","0","0","-5.0","20.3","28.3","34.0","8.6","15.0","2.1"
"USW00014735","2001-05","10","6","0","0","1.7","18.3","31.7","81.7","14.9","21.3","8.6"
"USW00014735","2001-06","9","7","1","0","2.8","27.9","32.8","95.9","20.2","26.2","14.2"
"USW00014735","2001-07","9","7","1","0","8.9","30.2","35.0","91.3","20.5","26.6","14.4"
"USW00014735","2001-08","7","5","0","0","8.9","19.8","35.6","53.4","23.2","29.3","17.1"
"USW00014735","2001-09","11","4","0","0","3.9","12.2","30.0","41.7","16.9","23.2","10.6"
"USW00014735","2001-10","8","3","0","0","-5.0","9.9","28.3","32.1","11.1","17.8","4.3"
"USW00014735","2001-11","12","4","0","0","-7.2","9.9","21.7","35.1","7.1","12.3","1.8"
"USW00014735","2001-12","10","7","0","4","-9.4","11.2","20.0","49.6","1.2","5.8","-3.4"
"USW00014735","2002-01","11","6","0","18","-17.2","23.9","12.8","70.5","-0.4","3.7","-4.4"
"USW00014735","2002-02","9","5","0","8","-13.3","13.0","16.7","40.9","-0.2","5.4","-5.8"
"USW00014735","2002-03","14","6","1","4","-11.1","37.8","18.9","90.6","2.4","7.9","-3.2"
"USW00014735","2002-04","16","9","0","1","-6.7","15.5","32.8","63.7","9.4","14.9","3.8"
"USW00014735","2002-05","15","9","1","0","-1.7","37.1","26.7","115.8","12.8","18.6","7.0"
"USW00014735","2002-06","18","11","2","0","5.0","27.9","33.9","138.3","19.3","25.3","13.4"
"USW00014735","2002-07","7","3","0","0","9.4","7.9","33.9","21.3","23.0","29.1","16.8"
"USW00014735","2002-08","11","8","1","0","11.1","27.2","35.6","98.0","22.7","28.7","16.8"
"USW00014735","2002-09","6","4","1","0","5.6","40.1","32.8","85.6","18.4","24.5","12.2"
"USW00014735","2002-10","12","6","1","0","-6.1","39.9","27.8","102.3","8.8","13.4","4.2"
"USW00014735","2002-11","18","10","1","8","-10.0","27.4","21.1","123.3","3.7","7.3","0.0"
"USW00014735","2002-12","13","9","1","18","-15.6","45.5","10.6","100.9","-2.7","1.2","-6.7"
"USW00014735","2003-01","17","6","1","31","-24.4","38.4","5.0","87.9","-9.1","-4.5","-13.7"
"USW00014735","2003-02","12","5","1","28","-21.1","25.9","8.3","54.7","-6.1","-1.5","-10.6"
"USW00014735","2003-03","10","6","0","18","-18.9","14.0","19.4","57.4","1.3","7.0","-4.4"
"USW00014735","2003-04","14","7","0","7","-10.6","19.6","30.0","73.5","6.9","12.4","1.5"
"USW00014735","2003-05","16","10","0","0","-0.6","22.4","27.2","129.0","13.8","19.1","8.4"
"USW00014735","2003-06","14","8","0","0","5.6","19.6","33.9","72.1","19.0","24.1","13.9"
"USW00014735","2003-07","11","6","2","0","11.1","39.1","33.3","114.9","22.3","28.1","16.5"
"USW00014735","2003-08","13","8","1","0","8.9","35.8","31.1","112.1","22.6","27.7","17.5"
"USW00014735","2003-09","14","10","1","0","3.9","39.6","28.3","124.6","17.2","22.7","11.7"
"USW00014735","2003-10","10","6","2","0","-2.8","40.6","25.6","118.6","9.0","14.8","3.3"
"USW00014735","2003-11","16","8","1","0","-6.7","31.8","20.6","93.2","5.8","10.1","1.4"
"USW00014735","2003-12","12","7","2","18","-13.3","28.4","11.7","139.2","-1.5","2.4","-5.4"
"USW00014735","2004-01","12","5","0","27","-25.0","7.1","7.8","29.5","-9.7","-5.7","-13.6"
"USW00014735","2004-02","5","3","0","29","-19.4","15.5","10.0","33.9","-4.0","1.4","-9.4"
"USW00014735","2004-03","18","9","0","7","-10.6","14.7","22.8","61.9","3.3","7.9","-1.3"
"USW00014735","2004-04","14","6","1","0","-4.4","29.5","32.8","77.9","9.5","15.0","4.0"
"USW00014735","2004-05","19","10","0","0","2.2","23.1","30.0","90.0","16.4","22.5","10.3"
"USW00014735","2004-06","9","5","0","0","7.2","14.0","33.9","52.9","18.9","24.8","13.0"
"USW00014735","2004-07","15","11","2","0","13.3","54.6","31.1","183.1","21.6","26.5","16.8"
"USW00014735","2004-08","16","11","2","0","9.4","49.5","31.1","186.5","20.7","25.7","15.8"
"USW00014735","2004-09","6","6","2","0","5.0","29.5","27.8","118.7","17.3","22.5","12.1"
"USW00014735","2004-10","9","4","0","0","-0.6","9.7","23.9","31.4","9.9","14.8","5.1"
"USW00014735","2004-11","10","7","1","0","-8.3","25.4","18.3","76.9","4.1","9.3","-1.0"
"USW00014735","2004-12","13","7","0","7","-20.6","21.6","13.9","74.3","-2.3","1.9","-6.6"
"USW00014735","2005-01","16","10","1","23","-26.7","25.7","13.9","108.7","-6.9","-2.4","-11.4"
"USW00014735","2005-02","10","4","0","18","-18.3","9.4","10.0","35.2","-2.8","2.1","-7.7"
"USW00014735","2005-03","13","6","1","17","-14.4","41.7","15.6","101.4","-0.5","4.5","-5.5"
"USW00014735","2005-04","11","8","0","0","-1.1","19.3","28.3","59.9","10.1","16.9","3.3"
"USW00014735","2005-05","11","6","0","0","-1.1","11.2","28.3","36.7","12.5","18.4","6.7"
"USW00014735","2005-06","12","7","2","0","8.3","45.0","34.4","98.4","22.7","28.6","16.8"
"USW00014735","2005-07","13","10","2","0","12.2","55.4","32.8","191.5","23.2","28.5","17.9"
"USW00014735","2005-08","10","7","0","0","11.1","22.6","32.8","76.5","23.2","28.5","17.9"
"USW00014735","2005-09","6","5","0","0","5.0","22.6","32.2","55.8","19.0","25.3","12.7"
"USW00014735","2005-10","15","12","3","0","-0.6","66.8","26.7","228.7","11.1","15.7","6.6"
"USW00014735","2005-11","14","8","3","2","-8.3","34.8","22.2","145.2","5.8","11.5","0.1"
"USW00014735","2005-12","11","6","1","19","-17.2","25.9","6.7","75.1","-2.9","0.5","-6.3"
"USW00014735","2006-01","16","7","1","22","-16.7","43.7","16.1","120.7","-0.3","4.6","-5.2"
"USW00014735","2006-02","12","3","0","4","-16.1","7.9","16.1","26.3","-2.3","2.8","-7.3"
"USW00014735","2006-03","8","3","0","1","-10.6","18.8","23.9","31.3","2.2","7.9","-3.4"
"USW00014735","2006-04","9","8","2","0","-3.3","40.4","24.4","120.2","9.7","16.1","3.4"
"USW00014735","2006-05","19","11","1","0","2.8","54.9","31.7","135.2","14.8","20.1","9.5"
"USW00014735","2006-06","18","14","2","0","10.0","56.4","32.8","222.2","19.8","24.5","15.0"
"USW00014735","2006-07","10","5","1","0","12.2","38.9","33.3","74.2","23.8","29.2","18.4"
"USW00014735","2006-08","13","7","1","0","8.3","29.7","35.6","99.7","21.0","26.4","15.5"
"USW00014735","2006-09","12","8","1","0","1.7","46.5","26.7","98.1","16.2","21.1","11.2"
"USW00014735","2006-10","11","6","2","0","-3.3","40.6","25.0","125.7","9.3","14.7","3.9"
"USW00014735","2006-11","13","6","1","0","-5.6","26.4","21.7","79.5","7.0","11.5","2.5"
"USW00014735","2006-12","9","5","0","0","-12.2","11.9","17.8","51.1","1.8","6.1","-2.5"
"USW00014735","2007-01","16","6","0","5","-19.4","18.8","21.7","54.7","-2.5","1.8","-6.9"
"USW00014735","2007-02","7","3","0","21","-18.3","25.1","5.6","39.1","-7.0","-2.5","-11.4"
"USW00014735","2007-03","14","6","0","20","-19.4","23.6","18.3","83.8","-0.1","5.4","-5.6"
"USW00014735","2007-04","13","6","2","2","-6.1","57.4","30.6","151.5","6.8","12.1","1.6"
"USW00014735","2007-05","9","8","0","0","2.2","20.1","31.7","89.2","15.7","22.6","8.9"
"USW00014735","2007-06","12","5","1","0","4.4","33.0","34.4","85.5","20.4","26.5","14.4"
"USW00014735","2007-07","16","10","2","0","10.0","52.6","33.9","178.6","21.4","27.0","15.8"
"USW00014735","2007-08","8","4","0","0","8.9","23.9","33.9","59.3","21.5","27.3","15.8"
"USW00014735","2007-09","8","5","1","0","4.4","31.2","32.2","69.7","17.9","24.1","11.8"
"USW00014735","2007-10","13","11","1","0","-1.7","42.4","29.4","140.6","13.8","19.2","8.4"
"USW00014735","2007-11","12","7","1","0","-10.0","37.6","13.9","77.2","3.1","7.8","-1.6"
"USW00014735","2007-12","18","8","1","19","-16.7","33.0","10.6","120.6","-2.3","1.2","-5.9"
"USW00014735","2008-01","9","4","0","19","-20.6","9.4","16.7","25.5","-2.5","2.1","-7.0"
"USW00014735","2008-02","14","10","1","18","-18.9","30.7","13.3","127.9","-3.2","0.9","-7.3"
"USW00014735","2008-03","14","9","1","6","-9.4","44.2","11.1","157.8","1.0","5.9","-3.9"
"USW00014735","2008-04","10","7","0","0","-6.1","24.9","28.9","66.7","11.1","17.6","4.5"
"USW00014735","2008-05","10","6","0","0","-2.2","11.4","28.3","31.4","13.0","19.8","6.3"
"USW00014735","2008-06","15","9","2","0","9.4","46.0","35.6","138.6","21.3","26.9","15.7"
"USW00014735","2008-07","13","12","2","0","13.3","63.2","32.8","176.2","23.1","28.3","17.8"
"USW00014735","2008-08","11","6","1","0","8.3","38.6","29.4","76.4","20.3","25.9","14.6"
"USW00014735","2008-09","9","6","1","0","4.4","31.8","31.7","107.1","17.9","23.4","12.5"
"USW00014735","2008-10","12","7","2","0","-5.0","52.3","22.8","129.3","8.9","14.6","3.3"
"USW00014735","2008-11","11","6","0","0","-8.9","24.9","20.0","61.9","4.2","8.1","0.2"
"USW00014735","2008-12","18","12","1","13","-16.1","31.5","14.4","115.4","-2.0","2.4","-6.4"
"USW00014735","2009-01","10","5","0","31","-22.2","20.6","5.6","57.2","-7.6","-3.1","-12.1"
"USW00014735","2009-02","6","2","0","13","-17.2","6.6","10.6","16.2","-2.5","2.2","-7.3"
"USW00014735","2009-03","11","8","0","2","-14.4","23.6","19.4","66.8","2.4","7.7","-2.9"
"USW00014735","2009-04","10","5","0","0","-2.8","10.2","32.2","37.4","9.8","15.9","3.6"
"USW00014735","2009-05","16","8","1","0","0.0","27.7","31.1","103.7","14.4","20.6","8.3"
"USW00014735","2009-06","15","11","1","0","2.2","33.0","30.0","127.4","18.9","23.8","14.0"
"USW00014735","2009-07","18","12","3","0","10.0","70.1","29.4","251.7","20.1","25.2","15.1"
"USW00014735","2009-08","9","7","1","0","8.9","37.6","32.8","90.9","21.7","26.9","16.5"
"USW00014735","2009-09","7","3","1","0","2.8","27.9","26.7","43.9","15.8","21.4","10.1"
"USW00014735","2009-10","13","6","2","0","-4.4","41.1","23.3","106.0","8.9","13.6","4.1"
"USW00014735","2009-11","8","2","1","0","-5.0","26.7","20.0","55.3","6.3","11.3","1.3"
"USW00014735","2009-12","9","7","0","14","-16.1","24.4","17.2","91.3","-2.6","1.0","-6.2"
"USW00014735","2010-01","8","3","1","14","-18.9","27.4","13.3","44.5","-4.2","-0.5","-7.9"
"USW00014735","2010-02","11","6","1","10","-13.3","28.7","6.1","101.6","-2.2","0.7","-5.1"
"USW00014735","2010-03","10","6","0","3","-6.7","18.3","21.1","68.3","5.4","10.3","0.5"
"USW00014735","2010-04","10","5","0","0","-1.1","11.4","30.6","32.0","11.0","17.9","4.1"
"USW00014735","2010-05","11","7","0","0","-1.7","14.7","34.4","47.6","16.2","23.1","9.3"
"USW00014735","2010-06","16","9","2","0","7.2","31.5","30.6","119.2","19.8","25.2","14.3"
"USW00014735","2010-07","8","5","0","0","8.9","22.9","35.6","73.2","23.8","29.8","17.9"
"USW00014735","2010-08","10","5","0","0","9.4","18.5","33.3","43.0","22.2","27.7","16.7"
"USW00014735","2010-09","9","3","1","0","3.9","68.1","33.9","87.5","18.1","23.7","12.6"
"USW00014735","2010-10","15","8","2","0","-1.1","77.2","23.3","180.5","10.2","15.6","4.7"
"USW00014735","2010-11","10","7","0","2","-7.8","23.6","17.2","89.6","4.2","8.9","-0.4"
"USW00014735","2010-12","6","5","1","8","-14.4","35.3","15.6","75.0","-3.4","0.3","-7.1"
"USW00014735","2011-01","13","5","0","27","-25.0","19.6","10.0","60.4","-6.4","-2.6","-10.2"
"USW00014735","2011-02","11","8","1","28","-20.6","28.2","15.6","98.3","-4.5","1.1","-10.1"
"USW00014735","2011-03","10","6","1","10","-15.0","33.8","16.7","106.8","1.4","6.1","-3.4"
"USW00014735","2011-04","15","12","0","1","-2.8","18.0","28.9","118.3","9.3","14.6","4.0"
"USW00014735","2011-05","11","8","2","0","0.0","32.0","31.7","119.0","16.7","22.2","11.2"
"USW00014735","2011-06","12","7","2","0","6.1","50.8","33.9","118.5","19.9","25.5","14.4"
"USW00014735","2011-07","9","7","0","0","12.2","22.9","37.2","77.3","23.8","29.9","17.8"
"USW00014735","2011-08","14","10","2","0","10.0","119.1","31.7","264.7","21.6","27.0","16.1"
"USW00014735","2011-09","13","11","1","0","4.4","44.7","28.3","168.3","18.4","23.1","13.7"
"USW00014735","2011-10","16","9","1","4","-3.3","26.7","28.3","89.9","11.6","16.6","6.6"
"USW00014735","2011-11","8","4","1","0","-5.6","27.7","20.6","47.4","6.9","12.7","1.1"
"USW00014735","2011-12","10","7","1","0","-10.6","36.3","13.9","95.6","1.1","5.7","-3.5"
"USW00014735","2012-01","11","5","0","7","-17.8","17.0","10.6","57.6","-1.9","2.8","-6.5"
"USW00014735","2012-02","7","3","0","0","-12.8","10.9","15.0","25.3","0.0","4.9","-4.9"
"USW00014735","2012-03","11","4","0","6","-10.6","19.6","27.2","39.3","7.7","13.2","2.2"
"USW00014735","2012-04","7","4","1","0","-1.7","29.7","32.8","75.5","8.9","15.4","2.5"
"USW00014735","2012-05","16","12","2","0","2.8","35.6","32.8","153.2","17.3","23.0","11.6"
"USW00014735","2012-06","12","5","0","0","7.8","22.9","34.4","54.9","19.7","25.6","13.9"
"USW00014735","2012-07","11","9","1","0","11.7","27.2","36.7","112.1","23.8","29.7","17.8"
"USW00014735","2012-08","10","5","0","0","9.4","18.3","33.3","66.0","22.4","28.3","16.4"
"USW00014735","2012-09","12","7","1","0","3.9","81.0","30.0","145.1","17.0","22.6","11.3"
"USW00014735","2012-10","14","4","1","0","-3.9","57.9","23.3","86.5","11.8","16.4","7.3"
"USW00014735","2012-11","6","1","0","0","-6.1","19.8","19.4","22.2","3.4","8.2","-1.4"
"USW00014735","2012-12","17","11","0","5","-7.8","17.0","13.3","102.9","0.8","4.4","-2.9"
"USW00014735","2013-01","9","6","0","20","-20.6","9.9","13.3","37.2","-3.6","1.2","-8.4"
"USW00014735","2013-02","9","3","0","7","-20.6","20.1","8.9","42.5","-2.9","1.3","-7.0"
"USW00014735","2013-03","10","6","0","10","-11.7","20.6","13.3","63.4","1.0","5.6","-3.6"
"USW00014735","2013-04","14","5","0","0","-3.8","17.8","23.3","63.0","7.8","13.8","1.7"
"USW00014735","2013-05","12","8","4","0","0.0","33.3","33.3","169.0","15.5","22.2","8.8"
"USW00014735","2013-06","14","13","2","0","7.8","45.0","33.3","220.3","19.8","25.1","14.5"
"USW00014735","2013-07","9","7","1","0","11.7","35.6","35.6","137.1","24.4","29.5","19.4"
"USW00014735","2013-08","8","5","1","0","10.0","30.7","31.1","68.6","20.9","26.7","15.1"
"USW00014735","2013-09","9","8","2","0","3.9","35.3","33.9","122.1","16.3","22.6","9.9"
"USW00014735","2013-10","9","5","0","0","-2.1","23.9","25.6","58.3","11.4","17.1","5.8"
"USW00014735","2013-11","12","5","0","1","-11.6","22.6","21.1","46.9","2.9","7.9","-2.1"
"USW00014735","2013-12","17","7","0","11","-20.5","22.6","12.2","86.0","-2.4","2.0","-6.7"
"USW00014735","2014-01","14","5","0","24","-24.3","14.2","13.3","58.9","-6.7","-1.7","-11.8"
"USW00014735","2014-02","10","6","1","24","-22.1","27.7","10.6","88.5","-5.5","-0.7","-10.3"
"USW00014735","2014-03","7","5","0","14","-17.1","16.8","11.7","69.1","-2.3","2.8","-7.4"
"USW00014735","2014-04","13","7","0","1","-3.2","18.3","26.1","62.2","8.6","15.3","1.9"
"USW00014735","2014-05","15","8","0","0","1.1","22.9","30.6","66.3","15.6","21.8","9.3"
"USW00014735","2014-06","10","6","2","0","7.8","40.9","32.2","121.2","20.7","26.5","14.9"
"USW00014735","2014-07","12","11","2","0","11.7","36.1","32.8","174.5","22.4","27.8","17.0"
"USW00014735","2014-08","10","4","0","0","9.4","12.4","30.0","40.1","20.7","26.3","15.1"
"USW00014735","2014-09","6","3","0","0","4.4","11.7","31.7","22.7","17.4","23.7","11.0"
"USW00014735","2014-10","14","9","1","0","-0.5","35.8","26.1","107.3","12.2","17.2","7.3"
"USW00014735","2014-11","11","6","0","5","-9.3","21.3","21.1","62.1","3.5","8.1","-1.0"
"USW00014735","2014-12","15","9","1","13","-11.0","40.6","14.4","136.2","0.3","3.3","-2.6"
"USW00014735","2015-01","10","6","0","17","-23.2","15.0","7.2","55.2","-6.8","-1.7","-11.9"
"USW00014735","2015-02","13","4","0","28","-24.3","22.4","1.1","54.8","-10.6","-4.9","-16.3"
"USW00014735","2015-03","10","2","0","12","-17.7","19.8","9.4","31.7","-1.1","3.9","-6.2"
"USW00014735","2015-04","11","8","0","0","-3.8","13.7","25.0","53.3","8.8","14.8","2.7"
"USW00014735","2015-05","6","4","0","0","2.8","9.4","31.7","26.8","18.6","25.8","11.5"
"USW00014735","2015-06","19","11","1","0","4.4","41.1","31.7","170.5","19.3","24.6","14.0"
"USW00014735","2015-07","8","7","1","0","11.1","32.3","35.0","87.0","22.8","28.7","16.9"
"USW00014735","2015-08","7","6","1","0","11.7","46.7","33.3","109.1","22.8","28.8","16.8"
"USW00014735","2015-09","10","7","3","0","6.1","69.6","34.4","175.1","20.3","26.6","14.0"
"USW00014735","2015-10","10","4","1","0","-4.9","30.5","23.9","81.4","9.9","15.5","4.3"
"USW00014735","2015-11","7","4","0","0","-6.6","18.5","22.8","44.3","7.5","13.2","1.9"
"USW00014735","2015-12","13","9","0","3","-5.5","22.9","22.2","93.4","5.5","9.6","1.3"
"USW00014735","2016-01","7","2","0","2","-16.6","22.1","12.8","31.7","-2.3","2.3","-6.9"
"USW00014735","2016-02","10","6","1","4","-24.9","50.8","16.7","103.3","-0.7","4.8","-6.2"
"USW00014735","2016-03","9","4","0","0","-8.2","9.1","27.2","30.1","6.0","11.6","0.3"
"USW00014735","2016-04","9","4","0","4","-9.9","13.0","25.6","46.9","7.8","14.0","1.6"
"USW00014735","2016-05","10","7","0","0","1.1","15.5","33.9","61.8","15.3","21.2","9.3"
"USW00014735","2016-06","6","4","1","0","7.2","32.8","32.8","58.7","20.1","26.6","13.6"
"USW00014735","2016-07","14","7","2","0","11.7","64.8","34.4","163.6","23.3","29.4","17.3"
"USW00014735","2016-08","11","7","2","0","10.0","28.7","33.9","100.0","23.3","28.9","17.6"
"USW00014735","2016-09","9","6","0","0","2.8","16.3","31.7","55.5","18.9","25.3","12.6"
"USW00014735","2016-10","11","4","1","1","-2.1","30.7","28.9","73.7","11.4","16.5","6.1"
"USW00014735","2016-11","10","6","1","0","-6.6","39.4","17.8","78.8","5.3","10.3","0.2"
"USW00014735","2016-12","14","7","0","11","-17.1","7.4","10.0","44.6","-0.9","3.2","-4.9"
"USW00014735","2017-01","13","6","1","8","-15.5","27.4","12.2","79.5","-0.7","2.9","-4.4"
"USW00014735","2017-02","9","4","0","14","-16.0","18.0","23.3","72.4","0.8","6.0","-4.4"
"USW00014735","2017-03","12","6","2","15","-14.9","40.1","18.9","103.5","-0.1","4.8","-5.1"
"USW00014735","2017-04","16","7","0","0","-2.7","24.1","30.6","73.2","11.7","17.4","6.0"
"USW00014735","2017-05","17","13","0","0","2.2","20.3","34.4","151.8","14.1","19.3","8.9"
"USW00014735","2017-06","14","10","2","0","6.7","37.6","35.0","130.1","20.0","25.7","14.2"
"USW00014735","2017-07","12","8","1","0","11.1","33.0","31.1","102.2","22.1","27.4","16.8"
"USW00014735","2017-08","9","5","1","0","9.4","43.7","31.7","95.7","20.7","26.3","15.0"
"USW00014735","2017-09","8","5","0","0","3.3","24.4","32.8","69.4","18.7","24.8","12.6"
"USW00014735","2017-10","11","5","1","0","-0.5","26.9","26.7","71.3","14.3","20.4","8.3"
"USW00014735","2017-11","10","4","0","0","-7.7","6.1","20.0","23.0","4.0","8.9","-0.9"
"USW00014735","2017-12","12","7","0","19","-20.5","12.4","11.7","48.9","-3.9","0.1","-8.0"
"USW00014735","2018-01","9","6","0","20","-23.2","17.5","17.2","60.8","-4.8","-0.1","-9.5"
"USW00014735","2018-02","15","8","0","14","-16.6","17.0","22.8","78.5","0.3","5.3","-4.8"
"USW00014735","2018-03","9","6","1","24","-13.8","27.4","13.3","77.7","1.2","4.9","-2.5"
"USW00014735","2018-04","17","11","2","2","-7.1","31.5","21.1","106.1","5.1","10.3","-0.2"
"USW00014735","2018-05","10","8","0","0","5.0","15.0","32.2","41.7","17.9","24.1","11.7"
"USW00014735","2018-06","10","7","0","0","8.9","14.7","36.1","76.3","19.9","26.1","13.8"
"USW00014735","2018-07","11","8","1","0","10.6","28.7","36.1","119.8","24.7","30.8","18.7"
"USW00014735","2018-08","16","10","0","0","13.9","20.3","35.6","106.6","24.0","28.7","19.2"
"USW00014735","2018-09","11","7","3","0","6.1","57.4","34.4","142.7","19.6","24.2","14.9"
"USW00014735","2018-10","11","6","2","0","-2.7","28.7","28.3","96.0","10.4","14.9","5.9"
"USW00014735","2018-11","20","15","0","12","-15.5","21.8","17.8","142.2","2.8","6.2","-0.6"
"USW00014735","2018-12","12","7","0","2","-10.5","20.1","16.7","77.4","0.3","4.5","-4.0"
"USW00014735","2019-01","12","8","2","14","-21.6","31.8","11.7","109.1","-4.7","0.0","-9.5"
"USW00014735","2019-02","15","8","0","21","-22.1","20.8","13.9","68.2","-2.4","1.9","-6.7"
"USW00014735","2019-03","9","6","0","13","-15.5","8.6","22.2","34.3","1.8","7.0","-3.4"
"USW00014735","2019-04","16","10","1","1","-5.5","32.5","25.0","109.9","9.9","15.5","4.3"
"USW00014735","2019-05","18","10","0","0","4.4","14.5","30.0","78.3","14.7","20.0","9.5"
"USW00014735","2019-06","16","9","0","0","6.7","22.6","32.8","131.0","20.0","26.1","13.9"
"USW00014735","2019-07","12","5","1","0","13.9","40.4","35.0","101.4","24.5","30.4","18.7"
"USW00014735","2019-08","12","10","0","0","11.1","24.9","31.1","104.8","22.1","27.9","16.2"
"USW00014735","2019-09","8","4","0","0","5.6","24.4","30.6","56.7","17.7","24.0","11.3"
"USW00014735","2019-10","13","10","3","0","1.1","41.4","25.6","190.2","12.0","17.1","6.9"
"USW00014735","2019-11","10","6","0","4","-9.9","25.1","21.1","71.5","2.6","7.1","-1.8"
"USW00014735","2019-12","14","9","1","16","-17.1","32.8","11.1","115.4","-1.2","2.8","-5.1"
"USW00014735","2020-01","8","5","0","8","-13.8","21.3","19.4","51.0","-0.1","4.4","-4.5"
"USW00014735","2020-02","10","7","0","13","-15.5","16.5","16.7","69.0","-0.2","4.0","-4.4"
"USW00014735","2020-03","11","9","0","2","-8.2","16.0","23.9","74.5","5.7","11.0","0.5"
"USW00014735","2020-04","14","10","0","0","-2.7","15.7","19.4","79.2","8.1","13.4","2.9"
"USW00014735","2020-05","9","6","0","0","-1.6","8.9","32.2","38.6","15.4","21.7","9.2"
"USW00014735","2020-06","9","6","0","0","5.0","11.2","35.0","50.3","21.6","28.2","15.0"
"USW00014735","2020-07","12","10","0","0","13.9","23.1","34.4","90.7","24.4","30.2","18.6"
"USW00014735","2020-08","11","5","2","0","7.8","99.6","30.6","154.4","20.4","26.2","14.7"
"USW00014735","2020-09","6","5","1","0","0.0","32.5","27.2","66.8","15.4","21.3","9.5"
"USW00014735","2020-10","13","6","1","1","-7.1","26.2","24.4","79.6","9.4","14.6","4.1"
"USW00014735","2020-11","11","8","1","0","-8.8","35.1","22.2","93.8","5.0","10.6","-0.6"
"USW00014735","2020-12","13","6","1","10","-19.9","43.9","17.2","94.1","-1.1","2.9","-5.1"
"USW00014735","2021-01","10","6","0","11","-21.6","11.4","4.4","46.9","-4.7","-1.4","-8.1"
"USW00014735","2021-02","9","6","0","25","-16.0","18.5","7.2","45.2","-4.5","-0.8","-8.3"
"USW00014735","2021-03","6","5","0","1","-12.7","15.2","23.9","45.5","2.5","8.7","-3.7"
"USW00014735","2021-04","14","6","2","0","-5.5","39.4","23.3","99.7","8.2","14.2","2.2"
"USW00014735","2021-05","11","8","0","0","0.0","16.8","30.6","78.0","13.1","19.4","6.9"
"USW00014735","2021-06","10","10","0","0","6.1","22.6","33.3","68.5","20.1","26.1","14.1"
"USW00014735","2021-07","21","17","2","0","9.4","39.1","30.6","227.8","19.9","24.7","15.1"
"USW00014735","2021-08","12","8","0","0","8.9","20.6","31.7","87.2","21.6","26.8","16.4"
"USW00014735","2021-09","12","10","2","0","3.9","36.1","27.2","145.8","16.8","22.1","11.4"
"USW00014735","2021-10","15","10","3","0","1.1","41.9","25.0","182.4","13.8","18.6","9.0"
"USW00014735","2021-11","10","4","1","1","-7.1","29.7","18.3","58.2","3.8","9.1","-1.6"
"USW00014735","2021-12","17","7","0","4","-9.3","15.2","16.1","67.5","2.3","6.0","-1.4"
"USW00014735","2022-01","10","3","0","18","-21.0","14.7","10.6","32.5","-6.7","-1.6","-11.9"
"USW00014735","2022-02","10","6","0","17","-17.7","21.1","14.4","70.4","-2.4","3.2","-8.1"
"USW00014735","2022-03","14","7","1","9","-14.3","25.7","21.7","85.2","3.0","8.5","-2.5"
"USW00014735","2022-04","14","10","1","1","-2.7","51.6","27.8","127.2","8.8","14.6","2.9"
"USW00014735","2022-05","10","5","0","0","1.7","12.4","33.3","47.1","17.4","23.9","10.8"
"USW00014735","2022-06","9","4","0","0","8.3","19.0","33.9","50.2","19.9","26.0","13.7"
"USW00014735","2022-07","10","4","0","0","11.1","15.2","36.1","37.0","24.2","30.8","17.6"
"USW00014735","2022-08","10","6","0","0","12.2","19.3","37.2","97.6","24.2","30.1","18.3"
"USW00014735","2022-09","11","7","2","0","3.9","39.9","30.6","138.5","17.7","23.1","12.4"
"USW00014735","2022-10","9","6","1","0","-2.1","30.7","24.4","80.0","11.3","17.5","5.1"
"USW00014735","2022-11","11","7","0","1","-7.1","24.9","24.4","82.3","6.8","12.0","1.6"
"USW00014735","2022-12","11","8","2","14","-13.8","40.4","14.4","100.5","0.0","3.9","-3.9"
"USW00014735","2023-01","15","9","0","10","-7.7","14.2","10.6","84.1","0.5","3.8","-2.7"
"USW00014735","2023-02","9","6","0","14","-24.9","17.8","17.8","48.1","-0.2","5.6","-6.0"
"USW00014735","2023-03","16","11","1","16","-6.6","40.9","17.2","107.2","2.7","7.5","-2.0"
"USW00014735","2023-04","11","8","1","0","-4.3","30.0","31.7","108.4","11.5","17.8","5.1"
"USW00014735","2023-05","6","3","0","0","0.0","12.7","32.2","29.6","14.9","22.5","7.3"
"USW00014735","2023-06","13","7","1","0","6.7","29.0","33.9","77.9","19.7","25.7","13.7"
"USW00014735","2023-07","19","13","4","0","12.8","58.7","33.9","271.8","24.3","29.9","18.7"
"USW00014735","2023-08","14","10","1","0","11.1","26.9","28.9","130.4","21.3","26.4","16.2"
"USW00014735","2023-09","14","8","1","0","7.2","34.3","33.9","101.0","19.1","24.4","13.8"
"USW00014735","2023-10","10","5","2","0","0.0","28.7","30.0","86.3","14.0","19.1","8.9"
"USW00014735","2023-11","12","7","0","1","-8.2","12.2","18.3","47.1","4.2","9.3","-1.0"
"USW00014735","2023-12","17","8","1","2","-8.8","54.1","13.3","144.3","3.1","6.6","-0.3"
"USW00014735","2024-01","15","10","1","15","-13.8","26.2","11.7","129.8","-1.0","2.2","-4.2"
"USW00014735","2024-02","7","2","0","3","-11.0","7.1","18.9","11.6","1.0","6.3","-4.2"
"USW00014735","2024-03","12","9","2","4","-9.3","42.9","20.6","161.1","5.0","9.9","0.1"
"USW00014735","2024-04","14","8","0","1","-2.1","20.3","25.0","89.9","9.7","15.5","4.0"
"USW00014735","2024-05","8","5","1","0","3.9","31.5","31.7","79.7","18.2","24.3","12.1"
"USW00014735","2024-06","11","8","0","0","8.3","18.5","35.6","83.3","21.9","28.0","15.7"
"USW00014735","2024-07","11","7","0","0","12.2","16.5","35.0","65.3","25.1","30.7","19.6"
"USW00014735","2024-08","14","10","2","0","11.1","73.9","33.3","206.6","21.8","27.2","16.4"
"USW00014735","2024-09","4","3","0","0","7.2","16.8","30.6","36.1","18.6","25.0","12.3"
"USW00014735","2024-10","7","3","0","0","-1.6","18.8","26.7","35.6","12.0","18.6","5.5"
"USW00014735","2024-11","9","5","2","2","-5.5","29.7","25.0","93.5","6.6","11.9","1.3"
"USW00014735","2024-12","18","7","1","20","-20.5","35.3","14.4","79.8","-1.5","2.5","-5.5"
"USW00014735","2025-01","11","4","0","18","-22.7","14.7","6.1","38.2","-4.5","-0.5","-8.4"
"USW00014735","2025-02","14","8","0","27","-19.9","23.1","8.9","65.4","-3.5","0.5","-7.4"
"USW00014735","2025-03","10","7","0","0","-13.8","11.9","23.3","48.9","4.5","10.6","-1.6"
"USW00014735","2025-04",,,,,,,,,,,
